Uuid,Void/Retire,Same as mappings,Fully specified name:en,Short name:en,Description:en,Data class,Data type,Answers,_version:1,_order:35
0a5adb04-0818-4e95-b750-4a6a7606824d,,,"Head (Injury of eye and orbit), Diagnosis",Head (Injury of eye and orbit),,Diagnosis,N/A,,,
7e603c04-ec86-4ec8-ba0e-bbe4d6ceee25,,,"Glaucoma (Primary angle-closure glaucoma), Diagnosis",Glaucoma (Primary angle-closure glaucoma),,Diagnosis,N/A,,,
72a789a8-e434-47a6-91db-bdf48a7dd88d,,,"Pain (Pain unspecified), Diagnosis",Pain (Pain unspecified),,Diagnosis,N/A,,,
369f067f-c3f3-4d93-998e-5aefbd7fbc37,,,"Nystagmus (Nystagmus and other irregular eye movements), Diagnosis",Nystagmus (Nystagmus and other irregular eye movements),,Diagnosis,N/A,,,
af1feb7c-8712-4103-b94a-c6f82a8b0af5,,,"Strabismus (Strabismus unspecified), Diagnosis",Strabismus (Strabismus unspecified),,Diagnosis,N/A,,,
2b224721-308a-4d7d-b20a-d4e4447b4d98,,,"Ectropion (Lagophthalmos), Diagnosis",Ectropion (Lagophthalmos),,Diagnosis,N/A,,,
34a20e83-db9f-443f-b387-99d1317251ef,,,"Double Vision (Diplopia), Diagnosis",Double Vision (Diplopia),,Diagnosis,N/A,,,
17269191-855b-4624-99c7-bf9d587a6d19,,,"Amblyopia (Amblyopia ex anopsia), Diagnosis",Amblyopia (Amblyopia ex anopsia),,Diagnosis,N/A,,,
6599fa45-a384-4f47-afd2-57ac7bd7c7ae,,,"Pain (Ocular pain), Diagnosis",Pain (Ocular pain),,Diagnosis,N/A,,,
cad50863-1956-4f82-8cdb-cebfa896c437,,,"Tuberculosis (Iridocyclitis), Diagnosis",Tuberculosis (Iridocyclitis),,Diagnosis,N/A,,,
4f0310f3-80ef-4eed-814e-cd57387f9c00,,,"Entropion (Entropion and trichiasis of eyelid), Diagnosis",Entropion (Entropion and trichiasis of eyelid),,Diagnosis,N/A,,,
15d300be-3e68-4915-b9b4-438bd54fb940,,,"Keratitis (Other superficial keratitis without conjunctivitis), Diagnosis",Keratitis (Other superficial keratitis without conjunctivitis),,Diagnosis,N/A,,,
1155dab8-05bc-42f2-b129-f5181e062743,,,Keratitis (Eye diagnosis),Keratitis,,Diagnosis,N/A,,,
f97dce8e-25d2-48e0-9485-a94e53ec06a7,,,Blepharitis (Eye diagnosis),Blepharitis,,Diagnosis,N/A,,,
cf642e2c-8fcd-4663-ae0d-d5c08ff42019,,,"Disorders Of Ocular Muscles Binocular Movement Accommodation And Refraction, Diagnosis",Disorders Of Ocular Muscles Binocular Movement Accommodation And Refraction,,Diagnosis,N/A,,,
ede0b47b-4c10-4154-961c-ab63e91d4f60,,,Night Blindness (Eye Diagnosis),Night Blindness,,Diagnosis,N/A,,,
d1f89dd0-b6d3-4878-b0a8-e86fe27e5a38,,ICD-11-WHO:9A00,Congenital malposition of eyelids (Eye diagnosis),Congenital malposition of eyelids - ICD-11-WHO:9A00,Congenital malposition of eyelids,Diagnosis,N/A,,,
46aecc55-cecd-4849-a990-062f43818f17,,ICD-11-WHO:9A00.0,Dystopia canthorum (Eye diagnosis),Dystopia canthorum - ICD-11-WHO:9A00.0,Dystopia canthorum,Diagnosis,N/A,,,
5fb7349a-0263-45db-ab01-00ac99cf77b3,,ICD-11-WHO:9A00.1,Telecanthus (Eye diagnosis),Telecanthus - ICD-11-WHO:9A00.1,Telecanthus,Diagnosis,N/A,,,
dcfb1bb0-e360-4634-9393-c3faf3489846,,ICD-11-WHO:9A00.Y,Other specified congenital malposition of eyelids (Eye diagnosis),Other specified congenital malposition of eyelids - ICD-11-WHO:9A00.Y,Other specified congenital malposition of eyelids,Diagnosis,N/A,,,
dec2e014-b7d0-49a7-8fa4-8d08545c284a,,ICD-11-WHO:9A00.Z,Congenital malposition of eyelids unspecified (Eye diagnosis),Congenital malposition of eyelids unspecified - ICD-11-WHO:9A00.Z,Congenital malposition of eyelids unspecified,Diagnosis,N/A,,,
e7d78ac6-e478-45f1-8f76-cffe4ff4f588,,ICD-11-WHO:9A01,Infectious disorders of eyelid (Eye diagnosis),Infectious disorders of eyelid - ICD-11-WHO:9A01,Infectious disorders of eyelid,Diagnosis,N/A,,,
64f0ea77-db8f-4ce9-8b34-38c9324506cf,,ICD-11-WHO:9A01.21,Hordeolum internum (Eye diagnosis),Hordeolum internum - ICD-11-WHO:9A01.21,Hordeolum internum,Diagnosis,N/A,,,
a260b56c-c389-4822-9eb5-dc6bde4aca5e,,ICD-11-WHO:9A01.2Z,Hordeolum unspecified (Eye diagnosis),Hordeolum unspecified - ICD-11-WHO:9A01.2Z,Hordeolum unspecified,Diagnosis,N/A,,,
952859a0-0497-4f73-8497-9d9ff15b4548,,ICD-11-WHO:9A01.3,Infectious blepharitis (Eye diagnosis),Infectious blepharitis - ICD-11-WHO:9A01.3,Infectious blepharitis,Diagnosis,N/A,,,
5b9e9c87-1fb6-470a-9bf7-8b5718801723,,ICD-11-WHO:9A01.4,Infestation of eyelid (Eye diagnosis),Infestation of eyelid - ICD-11-WHO:9A01.4,Infestation of eyelid,Diagnosis,N/A,,,
a0459d78-498c-4971-8fe5-3ea1f49cdb4e,,ICD-11-WHO:9A01.Y,Other specified infectious disorders of eyelid (Eye diagnosis),Other specified infectious disorders of eyelid - ICD-11-WHO:9A01.Y,Other specified infectious disorders of eyelid,Diagnosis,N/A,,,
1536b79e-f262-4be2-8cea-5708ab44d175,,ICD-11-WHO:9A02,Inflammatory disorders of eyelid (Eye diagnosis),Inflammatory disorders of eyelid - ICD-11-WHO:9A02,Inflammatory disorders of eyelid,Diagnosis,N/A,,,
5d2a785c-6a76-464b-8bfd-8f51c3266863,,ICD-11-WHO:9A02.00,Chalazion externum (Eye diagnosis),Chalazion externum - ICD-11-WHO:9A02.00,Chalazion externum,Diagnosis,N/A,,,
569c9574-d8b3-4f36-aaa3-2257f163f222,,ICD-11-WHO:9A02.01,Chalazion internum (Eye diagnosis),Chalazion internum - ICD-11-WHO:9A02.01,Chalazion internum,Diagnosis,N/A,,,
1d62b297-96de-4b28-a4c0-3459a71e2b50,,ICD-11-WHO:9A02.0Y,Other specified chalazion (Eye diagnosis),Other specified chalazion - ICD-11-WHO:9A02.0Y,Other specified chalazion,Diagnosis,N/A,,,
8608fdd3-5986-411b-a4b9-4cc8b44e82af,,ICD-11-WHO:9A02.0Z,Chalazion unspecified (Eye diagnosis),Chalazion unspecified - ICD-11-WHO:9A02.0Z,Chalazion unspecified,Diagnosis,N/A,,,
d9b16ebf-42c3-4730-af7e-c2c5a9b4f712,,ICD-11-WHO:9A02.1,Posterior blepharitis (Eye diagnosis),Posterior blepharitis - ICD-11-WHO:9A02.1,Posterior blepharitis,Diagnosis,N/A,,,
a14ae307-1d8f-473d-abe2-75f59553173b,,ICD-11-WHO:9A02.2,Ligneous conjunctivitis (Eye diagnosis),Ligneous conjunctivitis - ICD-11-WHO:9A02.2,Ligneous conjunctivitis,Diagnosis,N/A,,,
31ad1e7f-b9e5-47bc-bea9-dbe380daad88,,ICD-11-WHO:9A02.4,Meibomian gland dysfunction (Eye diagnosis),Meibomian gland dysfunction - ICD-11-WHO:9A02.4,Meibomian gland dysfunction,Diagnosis,N/A,,,
157bb184-e215-4c5b-bd72-4d70ae4b249f,,ICD-11-WHO:9A02.Y,Other specified inflammatory disorders of eyelid (Eye diagnosis),Other specified inflammatory disorders of eyelid,Other specified inflammatory disorders of eyelid,Diagnosis,N/A,,,
ffaaabbd-9ba4-42d0-bd59-8b8b59e53e72,,ICD-11-WHO:9A03,Acquired malposition of eyelid (Eye diagnosis),Acquired malposition of eyelid - ICD-11-WHO:9A03,Acquired malposition of eyelid,Diagnosis,N/A,,,
25d4d8a5-7978-402d-91a7-62b319deed0c,,ICD-11-WHO:9A03.0,Blepharoptosis (Eye diagnosis),Blepharoptosis - ICD-11-WHO:9A03.0,Blepharoptosis,Diagnosis,N/A,,,
d2ce55ea-e62b-4a1b-9b5e-927bab25c244,,ICD-11-WHO:9A03.00,Marcus-Gunn syndrome (Eye diagnosis),Marcus-Gunn syndrome - ICD-11-WHO:9A03.00,Marcus-Gunn syndrome,Diagnosis,N/A,,,
16b579c9-4790-4362-ae55-7d48a5005cca,,ICD-11-WHO:9A03.01,Mechanical ptosis of eyelid (Eye diagnosis),Mechanical ptosis of eyelid - ICD-11-WHO:9A03.01,Mechanical ptosis of eyelid,Diagnosis,N/A,,,
718483ab-db25-4fc3-8122-0cbad4d83246,,ICD-11-WHO:9A03.02,Myogenic ptosis of eyelid (Eye diagnosis),Myogenic ptosis of eyelid - ICD-11-WHO:9A03.02,Myogenic ptosis of eyelid,Diagnosis,N/A,,,
9dd51099-26eb-471a-864c-206000b0b8c2,,ICD-11-WHO:9A03.03,Paralytic ptosis of eyelid (Eye diagnosis),Paralytic ptosis of eyelid - ICD-11-WHO:9A03.03,Paralytic ptosis of eyelid,Diagnosis,N/A,,,
e62e6a6e-a1a3-4380-9045-64bc2e1f4d0c,,ICD-11-WHO:9A03.0Y,Other specified blepharoptosis (Eye diagnosis),Other specified blepharoptosis - ICD-11-WHO:9A03.0Y,Other specified blepharoptosis,Diagnosis,N/A,,,
2b66dc06-b241-404a-9aa2-6a7d975b2195,,ICD-11-WHO:9A03.0Z,Blepharoptosis unspecified (Eye diagnosis),Blepharoptosis unspecified - ICD-11-WHO:9A03.0Z,Blepharoptosis unspecified,Diagnosis,N/A,,,
27483f18-eddb-4e73-8ac5-be5271feed52,,ICD-11-WHO:9A03.1,Entropion of eyelid (Eye diagnosis),Entropion of eyelid - ICD-11-WHO:9A03.1,Entropion of eyelid,Diagnosis,N/A,,,
06c6228f-cd3a-4396-a90a-077be6325acb,,ICD-11-WHO:9A03.10,Cicatricial entropion of eyelid (Eye diagnosis),Cicatricial entropion of eyelid - ICD-11-WHO:9A03.10,Cicatricial entropion of eyelid,Diagnosis,N/A,,,
31ba367e-a130-4aee-ab04-29b4e656ddd7,,ICD-11-WHO:9A03.11,Mechanical entropion of eyelid (Eye diagnosis),Mechanical entropion of eyelid - ICD-11-WHO:9A03.11,Mechanical entropion of eyelid,Diagnosis,N/A,,,
1c793955-2657-4f90-8ae6-644b0efc88f4,,ICD-11-WHO:9A03.12,Senile entropion of eyelid (Eye diagnosis),Senile entropion of eyelid - ICD-11-WHO:9A03.12,Senile entropion of eyelid,Diagnosis,N/A,,,
3d6a814b-16d5-4f49-b702-3be6aa986634,,ICD-11-WHO:9A03.13,Spastic entropion of eyelid (Eye diagnosis),Spastic entropion of eyelid - ICD-11-WHO:9A03.13,Spastic entropion of eyelid,Diagnosis,N/A,,,
8945a76b-ae80-4955-9338-c634a6f4dbd4,,ICD-11-WHO:9A03.1Y,Other specified entropion of eyelid (Eye diagnosis),Other specified entropion of eyelid - ICD-11-WHO:9A03.1Y,Other specified entropion of eyelid,Diagnosis,N/A,,,
e62df9b1-095d-4a3b-a0b5-77d2d2c9315b,,ICD-11-WHO:9A03.1Z,Entropion of eyelid unspecified (Eye diagnosis),Entropion of eyelid unspecified - ICD-11-WHO:9A03.1Z,Entropion of eyelid unspecified,Diagnosis,N/A,,,
f80366b5-7103-4336-be43-d7c05a245e1c,,ICD-11-WHO:9A03.2,Ectropion of eyelid (Eye diagnosis),Ectropion of eyelid - ICD-11-WHO:9A03.2,Ectropion of eyelid,Diagnosis,N/A,,,
e515a5dd-9a36-4a1f-8536-8e22b137fd56,,ICD-11-WHO:9A03.20,Cicatricial ectropion of eyelid (Eye diagnosis),Cicatricial ectropion of eyelid - ICD-11-WHO:9A03.20,Cicatricial ectropion of eyelid,Diagnosis,N/A,,,
92861ede-b3b9-46d4-89a4-323895a225ff,,ICD-11-WHO:9A03.21,Mechanical ectropion of eyelid (Eye diagnosis),Mechanical ectropion of eyelid - ICD-11-WHO:9A03.21,Mechanical ectropion of eyelid,Diagnosis,N/A,,,
616cf817-d2ca-442d-b367-c55ab239aeee,,ICD-11-WHO:9A03.22,Senile ectropion of eyelid (Eye diagnosis),Senile ectropion of eyelid - ICD-11-WHO:9A03.22,Senile ectropion of eyelid,Diagnosis,N/A,,,
fc1981a5-48bd-4dcc-9d3b-dfb8bffaf1e6,,ICD-11-WHO:9A03.23,Spastic ectropion of eyelid (Eye diagnosis),Spastic ectropion of eyelid - ICD-11-WHO:9A03.23,Spastic ectropion of eyelid,Diagnosis,N/A,,,
e70f9424-b35f-4a4a-947e-fc71c5edf4d3,,ICD-11-WHO:9A03.2Y,Other specified ectropion of eyelid (Eye diagnosis),Other specified ectropion of eyelid - ICD-11-WHO:9A03.2Y,Other specified ectropion of eyelid,Diagnosis,N/A,,,
1915b804-0d71-413c-9875-7bb2d0751660,,ICD-11-WHO:9A03.2Z,Ectropion of eyelid unspecified (Eye diagnosis),Ectropion of eyelid unspecified - ICD-11-WHO:9A03.2Z,Ectropion of eyelid unspecified,Diagnosis,N/A,,,
1bd3e1b0-0955-41fe-8356-fd9fad9c293d,,ICD-11-WHO:9A03.3,Eyelid retraction (Eye diagnosis),Eyelid retraction - ICD-11-WHO:9A03.3,Eyelid retraction,Diagnosis,N/A,,,
e40dc9a9-4b85-407e-875b-820ee1875122,,ICD-11-WHO:9A03.4Y,Other specified lagophthalmos (Eye diagnosis),Other specified lagophthalmos - ICD-11-WHO:9A03.4Y,Other specified lagophthalmos,Diagnosis,N/A,,,
9dfa2a22-dd4b-4321-997f-f81f001591ce,,ICD-11-WHO:9A03.4Z,Lagophthalmos unspecified (Eye diagnosis),Lagophthalmos unspecified - ICD-11-WHO:9A03.4Z,Lagophthalmos unspecified,Diagnosis,N/A,,,
a824780e-4a7b-42dc-8e2e-974234976253,,ICD-11-WHO:9A03.5,Dermatochalasis of eyelid (Eye diagnosis),Dermatochalasis of eyelid - ICD-11-WHO:9A03.5,Dermatochalasis of eyelid,Diagnosis,N/A,,,
25bf3766-6daf-45b0-8a99-7e36d16c2937,,ICD-11-WHO:9A03.Y,Other specified acquired malposition of eyelid (Eye diagnosis),Other specified acquired malposition of eyelid - ICD-11-WHO:9A03.Y,Other specified acquired malposition of eyelid,Diagnosis,N/A,,,
99631244-347f-4283-a108-208b9c5856bf,,ICD-11-WHO:9A03.Z,Acquired malposition of eyelid unspecified (Eye diagnosis),Acquired malposition of eyelid unspecified - ICD-11-WHO:9A03.Z,Acquired malposition of eyelid unspecified,Diagnosis,N/A,,,
bf0f660e-9b40-4909-bccf-92aabf431fda,,ICD-11-WHO:9A04,Acquired disorders of eyelashes (Eye diagnosis),Acquired disorders of eyelashes - ICD-11-WHO:9A04,Acquired disorders of eyelashes,Diagnosis,N/A,,,
57cc07df-2374-454d-bfc4-ca574a0d9cf9,,ICD-11-WHO:9A04.1,Madarosis of eyelid or periocular area (Eye diagnosis),Madarosis of eyelid or periocular area - ICD-11-WHO:9A04.1,Madarosis of eyelid or periocular area,Diagnosis,N/A,,,
a056fbd6-21fe-4d24-930f-c3cd1b5a81d6,,ICD-11-WHO:9A04.Y,Other specified acquired disorders of eyelashes (Eye diagnosis),Other specified acquired disorders of eyelashes - ICD-11-WHO:9A04.Y,Other specified acquired disorders of eyelashes,Diagnosis,N/A,,,
f49dde90-75be-407e-893d-b8002c78edc1,,ICD-11-WHO:9A05,Movement disorders of eyelid (Eye diagnosis),Movement disorders of eyelid - ICD-11-WHO:9A05,Movement disorders of eyelid,Diagnosis,N/A,,,
409c278c-98a8-496f-ba9f-215ddec3f364,,ICD-11-WHO:9A05.0,Myokymia of eyelid (Eye diagnosis),Myokymia of eyelid - ICD-11-WHO:9A05.0,Myokymia of eyelid,Diagnosis,N/A,,,
b58c381e-9ce5-4059-a474-3d88b821157a,,ICD-11-WHO:9A05.1,Eyelid apraxia (Eye diagnosis),Eyelid apraxia - ICD-11-WHO:9A05.1,Eyelid apraxia,Diagnosis,N/A,,,
263b0d96-8f1e-4ca2-a1cf-8ae3003f5c13,,ICD-11-WHO:9A05.Y,Other specified movement disorders of eyelid (Eye diagnosis),Other specified movement disorders of eyelid - ICD-11-WHO:9A05.Y,Other specified movement disorders of eyelid,Diagnosis,N/A,,,
322735ef-0735-440b-a4bb-e7d0e537ce31,,ICD-11-WHO:9A05.Z,Movement disorders of eyelid unspecified (Eye diagnosis),Movement disorders of eyelid unspecified - ICD-11-WHO:9A05.Z,Movement disorders of eyelid unspecified,Diagnosis,N/A,,,
30cdbef1-7600-4aef-adab-dc6d7f257a50,,ICD-11-WHO:9A06,Certain specified disorders of eyelid (Eye diagnosis),Certain specified disorders of eyelid - ICD-11-WHO:9A06,Certain specified disorders of eyelid,Diagnosis,N/A,,,
b7a2ad00-c5d5-4b06-9608-ed46b8f5da4a,,ICD-11-WHO:9A06.0,Involvement of eyelid by dermatosis classified elsewhere (Eye diagnosis),Involvement of eyelid by dermatosis classified elsewhere - ICD-11-WHO:9A06.0,Involvement of eyelid by dermatosis classified elsewhere,Diagnosis,N/A,,,
dcc3e599-52fd-4ce5-8400-c6df9a3b6d62,,ICD-11-WHO:9A06.1,Vitiligo of eyelid or periocular area (Eye diagnosis),Vitiligo of eyelid or periocular area - ICD-11-WHO:9A06.1,Vitiligo of eyelid or periocular area,Diagnosis,N/A,,,
abed3fef-6c8c-4d47-b096-4d7c1d42a17e,,ICD-11-WHO:9A06.2,Symblepharon acquired (Eye diagnosis),Symblepharon acquired - ICD-11-WHO:9A06.2,Symblepharon acquired,Diagnosis,N/A,,,
83e264fc-3215-49fd-880c-d071421acada,,ICD-11-WHO:9A06.3,Traumatic scar of eyelid (Eye diagnosis),Traumatic scar of eyelid - ICD-11-WHO:9A06.3,Traumatic scar of eyelid,Diagnosis,N/A,,,
828b3968-1f5b-462f-87b9-dd6a3397361d,,ICD-11-WHO:9A06.5,Tear Trough Deformity (Eye diagnosis),Tear Trough Deformity - ICD-11-WHO:9A06.5,Tear Trough Deformity,Diagnosis,N/A,,,
298b8d9c-476c-4dfa-849b-e7aab6a6c7a7,,ICD-11-WHO:9A06.6,Sunken Sulcus Deformity (Eye diagnosis),Sunken Sulcus Deformity - ICD-11-WHO:9A06.6,Sunken Sulcus Deformity,Diagnosis,N/A,,,
473b44a2-4fd4-4ae5-a9fd-1b0acc6ed0dc,,ICD-11-WHO:9A06.7,Dermatitis or eczema of eyelids (Eye diagnosis),Dermatitis or eczema of eyelids - ICD-11-WHO:9A06.7,Dermatitis or eczema of eyelids,Diagnosis,N/A,,,
6616800a-7df0-4e87-8ebd-0cb06ebee9a2,,ICD-11-WHO:9A06.70,Atopic eczema of eyelids (Eye diagnosis),Atopic eczema of eyelids - ICD-11-WHO:9A06.70,Atopic eczema of eyelids,Diagnosis,N/A,,,
dfedd897-e98c-4c18-bada-a642f424abdb,,ICD-11-WHO:9A06.71,Seborrhoeic dermatitis of eyelids (Eye diagnosis),Seborrhoeic dermatitis of eyelids - ICD-11-WHO:9A06.71,Seborrhoeic dermatitis of eyelids,Diagnosis,N/A,,,
569b19fa-7266-4cf9-b849-40ffdd31cf42,,ICD-11-WHO:9A06.72,Allergic contact blepharoconjunctivitis (Eye diagnosis),Allergic contact blepharoconjunctivitis - ICD-11-WHO:9A06.72,Allergic contact blepharoconjunctivitis,Diagnosis,N/A,,,
204b24a7-d795-4e79-a747-c4bcb98d48ed,,ICD-11-WHO:9A06.7Y,Other specified dermatitis or eczema of eyelids (Eye diagnosis),Other specified dermatitis or eczema of eyelids - ICD-11-WHO:9A06.7Y,Other specified dermatitis or eczema of eyelids,Diagnosis,N/A,,,
9f04272a-8aba-4c5f-b0ad-7e5e0248762c,,ICD-11-WHO:9A06.7Z,Dermatitis or eczema of eyelids type unspecified (Eye diagnosis),Dermatitis or eczema of eyelids type unspecified - ICD-11-WHO:9A06.7Z,Dermatitis or eczema of eyelids type unspecified,Diagnosis,N/A,,,
b3987c5a-11e0-4889-a4be-c8fa66abd486,,ICD-11-WHO:9A06.Y,Other specified disorders of eyelid (Eye diagnosis),Other specified disorders of eyelid - ICD-11-WHO:9A06.Y,Other specified disorders of eyelid,Diagnosis,N/A,,,
e03b5e48-fae1-40d1-96be-33168b853022,,ICD-11-WHO:9A0Y,Other specified disorders of eyelid or peri-ocular area (Eye diagnosis),Other specified disorders of eyelid or peri-ocular area - ICD-11-WHO:9A0Y,Other specified disorders of eyelid or peri-ocular area,Diagnosis,N/A,,,
ef57b008-6632-4961-9b46-6faa5d975db5,,ICD-11-WHO:9A0Z,Disorders of eyelid or peri-ocular area unspecified (Eye diagnosis),Disorders of eyelid or peri-ocular area unspecified - ICD-11-WHO:9A0Z,Disorders of eyelid or peri-ocular area unspecified,Diagnosis,N/A,,,
c32639ed-2814-4f25-8d83-b1d5f846b069,,ICD-11-WHO:9A10,Disorders of lacrimal gland (Eye diagnosis),Disorders of lacrimal gland - ICD-11-WHO:9A10,Disorders of lacrimal gland,Diagnosis,N/A,,,
1de2df3c-f73a-45e8-b9f7-43d3109216e5,,ICD-11-WHO:9A10.0,Infections of the lacrimal gland (Eye diagnosis),Infections of the lacrimal gland - ICD-11-WHO:9A10.0,Infections of the lacrimal gland,Diagnosis,N/A,,,
f8a74955-1f85-48e5-b517-9eef111976fc,,ICD-11-WHO:9A10.1,Orbital inflammatory syndrome (Eye diagnosis),Orbital inflammatory syndrome - ICD-11-WHO:9A10.1,Orbital inflammatory syndrome,Diagnosis,N/A,,,
b6781771-5f36-401a-8695-e9e9ce38ca7e,,ICD-11-WHO:9A10.2,Benign lymphoepithelial lesion of lacrimal gland (Eye diagnosis),Benign lymphoepithelial lesion of lacrimal gland - ICD-11-WHO:9A10.2,Benign lymphoepithelial lesion of lacrimal gland,Diagnosis,N/A,,,
b97631ab-9f9a-4e23-b784-697529f46301,,ICD-11-WHO:9A10.3,Hyperlacrimation (Eye diagnosis),Hyperlacrimation - ICD-11-WHO:9A10.3,Hyperlacrimation,Diagnosis,N/A,,,
827378d2-b9bc-4989-b959-403892a9b752,,ICD-11-WHO:9A10.4,Underproduction of tears (Eye diagnosis),Underproduction of tears - ICD-11-WHO:9A10.4,Underproduction of tears,Diagnosis,N/A,,,
a5410d31-49fc-40f4-8522-641943ebfc02,,ICD-11-WHO:9A10.Y,Other specified disorders of lacrimal gland (Eye diagnosis),Other specified disorders of lacrimal gland - ICD-11-WHO:9A10.Y,Other specified disorders of lacrimal gland,Diagnosis,N/A,,,
b7da3d4c-41f0-403d-96e4-aac601645f14,,ICD-11-WHO:9A10.Z,Disorders of lacrimal gland unspecified (Eye diagnosis),Disorders of lacrimal gland unspecified - ICD-11-WHO:9A10.Z,Disorders of lacrimal gland unspecified,Diagnosis,N/A,,,
38304b22-aa98-441f-8295-bb330cf483ec,,ICD-11-WHO:9A11,Disorders of lacrimal drainage system (Eye diagnosis),Disorders of lacrimal drainage system - ICD-11-WHO:9A11,Disorders of lacrimal drainage system,Diagnosis,N/A,,,
03aee20d-f184-4b58-84a8-7134c86b7790,,ICD-11-WHO:9A11.1,Canaliculitis (Eye diagnosis),Canaliculitis - ICD-11-WHO:9A11.1,Canaliculitis,Diagnosis,N/A,,,
864b611a-64d8-499a-bc59-2908f5da4214,,ICD-11-WHO:9A11.4,Punctal stenosis (Eye diagnosis),Punctal stenosis - ICD-11-WHO:9A11.4,Punctal stenosis,Diagnosis,N/A,,,
e861b580-0aee-424d-8391-5e83d3059fd8,,ICD-11-WHO:9A11.5,Nasolacrimal canalicular stenosis (Eye diagnosis),Nasolacrimal canalicular stenosis - ICD-11-WHO:9A11.5,Nasolacrimal canalicular stenosis,Diagnosis,N/A,,,
2c7c6587-8af4-43db-b6cc-71d58d8574e5,,ICD-11-WHO:9A11.7,Nasolacrimal sac stenosis (Eye diagnosis),Nasolacrimal sac stenosis - ICD-11-WHO:9A11.7,Nasolacrimal sac stenosis,Diagnosis,N/A,,,
e285112a-fa28-481d-8ea7-5b65cc80a64b,,ICD-11-WHO:9A11.Y,Other specified disorders of lacrimal drainage system (Eye diagnosis),Other specified disorders of lacrimal drainage system - ICD-11-WHO:9A11.Y,Other specified disorders of lacrimal drainage system,Diagnosis,N/A,,,
bf1d6cb3-9e40-492d-8648-49a765f2effc,,ICD-11-WHO:9A11.Z,Disorders of lacrimal drainage system unspecified (Eye diagnosis),Disorders of lacrimal drainage system unspecified - ICD-11-WHO:9A11.Z,Disorders of lacrimal drainage system unspecified,Diagnosis,N/A,,,
bbcd75d8-9dd7-45c3-95e2-9fb8f394ac61,,ICD-11-WHO:9A1Y,Other specified disorders of lacrimal apparatus (Eye diagnosis),Other specified disorders of lacrimal apparatus - ICD-11-WHO:9A1Y,Other specified disorders of lacrimal apparatus,Diagnosis,N/A,,,
551360f8-a1ee-4249-a8b8-43b4e17681fd,,ICD-11-WHO:9A1Z,Disorders of lacrimal apparatus unspecified (Eye diagnosis),Disorders of lacrimal apparatus unspecified - ICD-11-WHO:9A1Z,Disorders of lacrimal apparatus unspecified,Diagnosis,N/A,,,
d1e962ef-6ef4-43cc-8d47-39539dacad3b,,ICD-11-WHO:9A20,Displacement of eyeball (Eye diagnosis),Displacement of eyeball - ICD-11-WHO:9A20,Displacement of eyeball,Diagnosis,N/A,,,
beecd073-6ec3-43f0-9ccb-651a7e0bff9c,,ICD-11-WHO:9A20.0,Axial displacement of eyeball (Eye diagnosis),Axial displacement of eyeball - ICD-11-WHO:9A20.0,Axial displacement of eyeball,Diagnosis,N/A,,,
3e019a51-76c3-4585-8eca-7e20b1fd99a3,,ICD-11-WHO:9A20.00,Outward displacement of eyeball (Eye diagnosis),Outward displacement of eyeball - ICD-11-WHO:9A20.00,Outward displacement of eyeball,Diagnosis,N/A,,,
15162c01-89ca-4546-9338-79a5c57d84d8,,ICD-11-WHO:9A20.01,Inward displacement of eyeball (Eye diagnosis),Inward displacement of eyeball - ICD-11-WHO:9A20.01,Inward displacement of eyeball,Diagnosis,N/A,,,
d089dbdb-22a8-4eea-a50e-3a855be55cec,,ICD-11-WHO:9A20.0Y,Other specified axial displacement of eyeball (Eye diagnosis),Other specified axial displacement of eyeball - ICD-11-WHO:9A20.0Y,Other specified axial displacement of eyeball,Diagnosis,N/A,,,
65d82696-0fbd-467f-9dd3-e7852b849bd2,,ICD-11-WHO:9A20.0Z,Axial displacement of eyeball unspecified (Eye diagnosis),Axial displacement of eyeball unspecified - ICD-11-WHO:9A20.0Z,Axial displacement of eyeball unspecified,Diagnosis,N/A,,,
899c7f4b-c255-468c-886b-48d3de76fd36,,ICD-11-WHO:9A20.1,Non-Axial displacement of eyeball (Eye diagnosis),Non-Axial displacement of eyeball - ICD-11-WHO:9A20.1,Non-Axial displacement of eyeball,Diagnosis,N/A,,,
b2f0a1a7-6aba-42ed-81b2-4025448e99d8,,ICD-11-WHO:9A20.Y,Other specified displacement of eyeball (Eye diagnosis),Other specified displacement of eyeball - ICD-11-WHO:9A20.Y,Other specified displacement of eyeball,Diagnosis,N/A,,,
b84cb1db-7a03-4a9c-8b9e-0bed4ed0186a,,ICD-11-WHO:9A20.Z,Displacement of eyeball unspecified (Eye diagnosis),Displacement of eyeball unspecified - ICD-11-WHO:9A20.Z,Displacement of eyeball unspecified,Diagnosis,N/A,,,
e1d51f02-dc94-49c8-afd8-ae50b7c090f8,,ICD-11-WHO:9A21,Orbital infection (Eye diagnosis),Orbital infection - ICD-11-WHO:9A21,Orbital infection,Diagnosis,N/A,,,
4804c6e6-9845-49d4-bede-e7f0d21dbeb2,,ICD-11-WHO:9A21.1,Orbital subperiosteal abscess (Eye diagnosis),Orbital subperiosteal abscess - ICD-11-WHO:9A21.1,Orbital subperiosteal abscess,Diagnosis,N/A,,,
81ff7b21-dbea-4e83-a8bd-af502cea4b63,,ICD-11-WHO:9A21.2,Orbital abscess (Eye diagnosis),Orbital abscess - ICD-11-WHO:9A21.2,Orbital abscess,Diagnosis,N/A,,,
cd123411-7a29-4240-acc1-7521ad2a6d95,,ICD-11-WHO:9A21.3,Periostitis of orbit (Eye diagnosis),Periostitis of orbit - ICD-11-WHO:9A21.3,Periostitis of orbit,Diagnosis,N/A,,,
429728d4-29b4-44fe-952a-9416c2f98b3d,,ICD-11-WHO:9A21.Y,Other specified orbital infection (Eye diagnosis),Other specified orbital infection - ICD-11-WHO:9A21.Y,Other specified orbital infection,Diagnosis,N/A,,,
85812d5d-91f0-4698-b5aa-fee88547bc48,,ICD-11-WHO:9A21.Z,Orbital infection unspecified (Eye diagnosis),Orbital infection unspecified - ICD-11-WHO:9A21.Z,Orbital infection unspecified,Diagnosis,N/A,,,
9c1929b5-a130-4053-9932-8808c6222042,,ICD-11-WHO:9A22,Orbital inflammation (Eye diagnosis),Orbital inflammation - ICD-11-WHO:9A22,Orbital inflammation,Diagnosis,N/A,,,
2bd83f63-399c-4ea4-95ae-d01ded70c858,,ICD-11-WHO:9A22.0,Dysthyroid orbitopathy (Eye diagnosis),Dysthyroid orbitopathy - ICD-11-WHO:9A22.0,Dysthyroid orbitopathy,Diagnosis,N/A,,,
2c612d42-5312-4c9b-83c8-7670abc3c6b5,,ICD-11-WHO:9A22.1,Diffuse orbital inflammation (Eye diagnosis),Diffuse orbital inflammation - ICD-11-WHO:9A22.1,Diffuse orbital inflammation,Diagnosis,N/A,,,
86185972-17ca-4280-9867-2d1ef4e2d0b5,,ICD-11-WHO:9A22.2,Granulomatous orbital inflammation (Eye diagnosis),Granulomatous orbital inflammation - ICD-11-WHO:9A22.2,Granulomatous orbital inflammation,Diagnosis,N/A,,,
469298a3-689a-4ce6-bad1-6e54aa583b30,,ICD-11-WHO:9A22.Y,Other specified orbital inflammation (Eye diagnosis),Other specified orbital inflammation - ICD-11-WHO:9A22.Y,Other specified orbital inflammation,Diagnosis,N/A,,,
662bfb49-8137-4be6-a713-991d61211199,,ICD-11-WHO:9A22.Z,Orbital inflammation unspecified (Eye diagnosis),Orbital inflammation unspecified - ICD-11-WHO:9A22.Z,Orbital inflammation unspecified,Diagnosis,N/A,,,
72c87748-8fa0-4c32-abee-47aadf518194,,ICD-11-WHO:9A23.0,Congenital orbital cyst (Eye diagnosis),Congenital orbital cyst - ICD-11-WHO:9A23.0,Congenital orbital cyst,Diagnosis,N/A,,,
ff25cd9f-c8c2-45f7-92e8-5451e5f9f72b,,ICD-11-WHO:9A23.1,Acquired orbital cyst (Eye diagnosis),Acquired orbital cyst - ICD-11-WHO:9A23.1,Acquired orbital cyst,Diagnosis,N/A,,,
fd012a6e-fa0c-422b-bbbe-a73e6c29f9ce,,ICD-11-WHO:9A23.Z,Orbital cyst unspecified (Eye diagnosis),Orbital cyst unspecified - ICD-11-WHO:9A23.Z,Orbital cyst unspecified,Diagnosis,N/A,,,
0eb31984-84d6-45ae-881b-aa40083d04e7,,ICD-11-WHO:9A24,Bony deformity of orbit (Eye diagnosis),Bony deformity of orbit - ICD-11-WHO:9A24,Bony deformity of orbit,Diagnosis,N/A,,,
baf9bea0-8416-4618-b422-f936a7b0f2d7,,ICD-11-WHO:9A24.0,Contraction of orbit (Eye diagnosis),Contraction of orbit - ICD-11-WHO:9A24.0,Contraction of orbit,Diagnosis,N/A,,,
9ba87f03-c63d-44ac-9fea-c840c1b29026,,ICD-11-WHO:9A24.1,Expansion of orbit (Eye diagnosis),Expansion of orbit - ICD-11-WHO:9A24.1,Expansion of orbit,Diagnosis,N/A,,,
b432d583-bba4-4236-9f4a-2c150653e4a5,,ICD-11-WHO:9A24.2,Distortion of orbit (Eye diagnosis),Distortion of orbit - ICD-11-WHO:9A24.2,Distortion of orbit,Diagnosis,N/A,,,
7913b541-69e7-4d4a-9753-968f39ecf05b,,ICD-11-WHO:9A24.3,Enlargement of bony orbit (Eye diagnosis),Enlargement of bony orbit - ICD-11-WHO:9A24.3,Enlargement of bony orbit,Diagnosis,N/A,,,
25b651d5-a83a-407b-a6c3-4fccf53954b2,,ICD-11-WHO:9A24.Y,Other specified bony deformity of orbit (Eye diagnosis),Other specified bony deformity of orbit - ICD-11-WHO:9A24.Y,Other specified bony deformity of orbit,Diagnosis,N/A,,,
c26f6a73-afb3-4dcf-a00b-d49eb8928979,,ICD-11-WHO:9A24.Z,Bony deformity of orbit unspecified (Eye diagnosis),Bony deformity of orbit unspecified - ICD-11-WHO:9A24.Z,Bony deformity of orbit unspecified,Diagnosis,N/A,,,
267132a9-f6c5-4c67-a57c-84d7c352606b,,ICD-11-WHO:9A25,Soft tissue deformity of orbit (Eye diagnosis),Soft tissue deformity of orbit - ICD-11-WHO:9A25,Soft tissue deformity of orbit,Diagnosis,N/A,,,
8018962d-f2d3-431a-823f-24befaf450e7,,ICD-11-WHO:9A25.0,Anophthalmic socket (Eye diagnosis),Anophthalmic socket - ICD-11-WHO:9A25.0,Anophthalmic socket,Diagnosis,N/A,,,
94669f30-4be9-48d4-a3da-cdebb292cc76,,ICD-11-WHO:9A25.1,Microphthalmic socket (Eye diagnosis),Microphthalmic socket - ICD-11-WHO:9A25.1,Microphthalmic socket,Diagnosis,N/A,,,
107fff9d-1864-4a0c-a9a7-1cdac3da1cd6,,ICD-11-WHO:9A25.2,Contracted socket (Eye diagnosis),Contracted socket - ICD-11-WHO:9A25.2,Contracted socket,Diagnosis,N/A,,,
6ef5a0d1-515a-424f-8fc1-23abc531ef22,,ICD-11-WHO:9A25.3,Oedema of orbit (Eye diagnosis),Oedema of orbit - ICD-11-WHO:9A25.3,Oedema of orbit,Diagnosis,N/A,,,
69576081-01b4-44f7-a40a-8a2eb0edba1e,,ICD-11-WHO:9A25.4,Haemorrhage of orbit (Eye diagnosis),Haemorrhage of orbit - ICD-11-WHO:9A25.4,Haemorrhage of orbit,Diagnosis,N/A,,,
8c2d2c63-b803-43aa-a23c-d459e7221297,,ICD-11-WHO:9A25.5,Atrophy of soft tissue of orbit (Eye diagnosis),Atrophy of soft tissue of orbit - ICD-11-WHO:9A25.5,Atrophy of soft tissue of orbit,Diagnosis,N/A,,,
b4d1469c-6ce1-42f3-84c9-1af32833cfa9,,ICD-11-WHO:9A25.Y,Other specified soft tissue deformity of orbit (Eye diagnosis),Other specified soft tissue deformity of orbit - ICD-11-WHO:9A25.Y,Other specified soft tissue deformity of orbit,Diagnosis,N/A,,,
4c1958d1-ccc3-4f38-8638-06460dd86f34,,ICD-11-WHO:9A25.Z,Soft tissue deformity of orbit unspecified (Eye diagnosis),Soft tissue deformity of orbit unspecified - ICD-11-WHO:9A25.Z,Soft tissue deformity of orbit unspecified,Diagnosis,N/A,,,
601532c2-a221-4064-9c58-6dbafd95c3df,,ICD-11-WHO:9A26,Combined bony and soft tissue deformity of orbit (Eye diagnosis),Combined bony and soft tissue deformity of orbit - ICD-11-WHO:9A26,Combined bony and soft tissue deformity of orbit,Diagnosis,N/A,,,
dffedd70-aa0a-4ceb-ac77-13cde07c5113,,ICD-11-WHO:9A2Y,Other specified disorders of orbit (Eye diagnosis),Other specified disorders of orbit - ICD-11-WHO:9A2Y,Other specified disorders of orbit,Diagnosis,N/A,,,
d3064435-6a62-4c1d-9260-c1ce81f2ca44,,ICD-11-WHO:9A2Z,Disorders of orbit unspecified (Eye diagnosis),Disorders of orbit unspecified - ICD-11-WHO:9A2Z,Disorders of orbit unspecified,Diagnosis,N/A,,,
9db06e75-92e9-4872-ae98-dd26c8a21342,,ICD-11-WHO:9A4Y,Other specified disorders of the ocular adnexa or orbit (Eye diagnosis),Other specified disorders of the ocular adnexa or orbit - ICD-11-WHO:9A4Y,Other specified disorders of the ocular adnexa or orbit,Diagnosis,N/A,,,
67cc6920-2168-4d03-94c2-331d4b646a25,,ICD-11-WHO:9A4Z,Disorders of the ocular adnexa or orbit unspecified (Eye diagnosis),Disorders of the ocular adnexa or orbit unspecified - ICD-11-WHO:9A4Z,Disorders of the ocular adnexa or orbit unspecified,Diagnosis,N/A,,,
4a95a270-8d5e-4a17-bcfd-9dee4670c86a,,ICD-11-WHO:9A60.0,Papillary conjunctivitis (Eye diagnosis),Papillary conjunctivitis - ICD-11-WHO:9A60.0,Papillary conjunctivitis,Diagnosis,N/A,,,
c0aaae2e-024d-46db-b686-2fa91429877a,,ICD-11-WHO:9A60.02,Allergic conjunctivitis (Eye diagnosis),Allergic conjunctivitis - ICD-11-WHO:9A60.02,Allergic conjunctivitis,Diagnosis,N/A,,,
e079a446-5e6d-40b5-b647-490ec75c16b6,,ICD-11-WHO:9A60.0Y,Other specified papillary conjunctivitis (Eye diagnosis),Other specified papillary conjunctivitis - ICD-11-WHO:9A60.0Y,Other specified papillary conjunctivitis,Diagnosis,N/A,,,
3a5719c1-e4c1-47ab-88b6-5763b3069fb5,,ICD-11-WHO:9A60.0Z,Papillary conjunctivitis unspecified (Eye diagnosis),Papillary conjunctivitis unspecified - ICD-11-WHO:9A60.0Z,Papillary conjunctivitis unspecified,Diagnosis,N/A,,,
9598b0f7-86b3-425f-b9fb-91948ffa199f,,ICD-11-WHO:9A60.2,Cicatrizing conjunctivitis (Eye diagnosis),Cicatrizing conjunctivitis - ICD-11-WHO:9A60.2,Cicatrizing conjunctivitis,Diagnosis,N/A,,,
b516ec7f-2a14-40df-b9e7-ea973fd798af,,ICD-11-WHO:9A60.30,Ulceration of conjunctiva (Eye diagnosis),Ulceration of conjunctiva - ICD-11-WHO:9A60.30,Ulceration of conjunctiva,Diagnosis,N/A,,,
2b5f67cd-a1bd-47f8-beb0-1d0ee5f9311f,,ICD-11-WHO:9A60.31,Abscess of conjunctiva (Eye diagnosis),Abscess of conjunctiva - ICD-11-WHO:9A60.31,Abscess of conjunctiva,Diagnosis,N/A,,,
27737a6d-88c3-4089-b457-7ac61b1910f5,,ICD-11-WHO:9A60.3Y,Other specified mucopurulent conjunctivitis (Eye diagnosis),Other specified mucopurulent conjunctivitis - ICD-11-WHO:9A60.3Y,Other specified mucopurulent conjunctivitis,Diagnosis,N/A,,,
f8be9e3e-1005-4eae-ad5d-bfc3f475d104,,ICD-11-WHO:9A60.3Z,Mucopurulent conjunctivitis unspecified (Eye diagnosis),Mucopurulent conjunctivitis unspecified - ICD-11-WHO:9A60.3Z,Mucopurulent conjunctivitis unspecified,Diagnosis,N/A,,,
1b84be4b-74b9-40a5-bd4d-a6692c9f8433,,ICD-11-WHO:9A60.6,Serous conjunctivitis except viral (Eye diagnosis),Serous conjunctivitis except viral - ICD-11-WHO:9A60.6,Serous conjunctivitis except viral,Diagnosis,N/A,,,
e7f61b3a-7968-4c3a-91ae-6b6d4890cc1d,,ICD-11-WHO:9A60.Y,Other specified conjunctivitis (Eye diagnosis),Other specified conjunctivitis - ICD-11-WHO:9A60.Y,Other specified conjunctivitis,Diagnosis,N/A,,,
7484f4de-f14e-4234-b128-33a69be7f776,,ICD-11-WHO:9A60.Z,Conjunctivitis unspecified (Eye diagnosis),Conjunctivitis unspecified - ICD-11-WHO:9A60.Z,Conjunctivitis unspecified,Diagnosis,N/A,,,
046905e6-8545-4f17-abef-be7067d5f535,,,Conjunctivitis (Eye diagnosis) (Eye diagnosis),Conjunctivitis,Conjunctivitis,Diagnosis,N/A,,,
6bf99091-85dd-41eb-b2f8-436f21f170a0,,ICD-11-WHO:9A61,Certain specified disorders of conjunctiva (Eye diagnosis),Certain specified disorders of conjunctiva - ICD-11-WHO:9A61,Certain specified disorders of conjunctiva,Diagnosis,N/A,,,
0cf0e943-db9d-4785-8ae2-9f62a9ca5e58,,ICD-11-WHO:9A61.0,Pingueculae (Eye diagnosis),Pingueculae - ICD-11-WHO:9A61.0,Pingueculae,Diagnosis,N/A,,,
7456029a-9885-4f03-a5a8-d66e1a5a1341,,ICD-11-WHO:9A61.2,Pseudopterygium of conjunctiva (Eye diagnosis),Pseudopterygium of conjunctiva - ICD-11-WHO:9A61.2,Pseudopterygium of conjunctiva,Diagnosis,N/A,,,
c0bc88d1-4a4d-4d0f-a720-870718858e81,,ICD-11-WHO:9A61.3,Conjunctival scars (Eye diagnosis),Conjunctival scars - ICD-11-WHO:9A61.3,Conjunctival scars,Diagnosis,N/A,,,
5c0dd8e2-13a5-4861-9c6e-e20b70873a0f,,ICD-11-WHO:9A61.4,Conjunctival vascular disorders (Eye diagnosis),Conjunctival vascular disorders - ICD-11-WHO:9A61.4,Conjunctival vascular disorders,Diagnosis,N/A,,,
c17aa9eb-6fb2-4c47-971f-767f65309034,,ICD-11-WHO:9A61.40,Vascular abnormalities of conjunctiva (Eye diagnosis),Vascular abnormalities of conjunctiva - ICD-11-WHO:9A61.40,Vascular abnormalities of conjunctiva,Diagnosis,N/A,,,
8a013fde-98fb-4395-b7dd-aa8b881fb701,,ICD-11-WHO:9A61.4Y,Other specified conjunctival vascular disorders (Eye diagnosis),Other specified conjunctival vascular disorders - ICD-11-WHO:9A61.4Y,Other specified conjunctival vascular disorders,Diagnosis,N/A,,,
df8340c2-7b27-45f0-b0e6-d21b070098ee,,ICD-11-WHO:9A61.4Z,Conjunctival vascular disorders unspecified (Eye diagnosis),Conjunctival vascular disorders unspecified - ICD-11-WHO:9A61.4Z,Conjunctival vascular disorders unspecified,Diagnosis,N/A,,,
531e89bc-3277-4d7e-9bd0-ebe55aa15eb3,,ICD-11-WHO:9A61.5,Conjunctival or subconjunctival haemorrhage (Eye diagnosis),Conjunctival or subconjunctival haemorrhage - ICD-11-WHO:9A61.5,Conjunctival or subconjunctival haemorrhage,Diagnosis,N/A,,,
850a0f4e-9af2-4e20-b5f5-af673f288ccc,,ICD-11-WHO:9A61.6,Conjunctival or subconjunctival degenerations or deposits (Eye diagnosis),Conjunctival or subconjunctival degenerations or deposits - ICD-11-WHO:9A61.6,Conjunctival or subconjunctival degenerations or deposits,Diagnosis,N/A,,,
8f954063-34a1-4b6d-8e64-6b938a44ce59,,ICD-11-WHO:9A61.Z,Certain specified disorders of conjunctiva unspecified (Eye diagnosis),Certain specified disorders of conjunctiva unspecified - ICD-11-WHO:9A61.Z,Certain specified disorders of conjunctiva unspecified,Diagnosis,N/A,,,
38e2659e-4c52-41f1-90be-fb376eeb5776,,ICD-11-WHO:9A62,Mucous membrane pemphigoid with ocular involvement (Eye diagnosis),Mucous membrane pemphigoid with ocular involvement - ICD-11-WHO:9A62,Mucous membrane pemphigoid with ocular involvement,Diagnosis,N/A,,,
5aa41454-eddf-4df5-958d-c4892a83b269,,ICD-11-WHO:9A6Y,Other specified disorders of conjunctiva (Eye diagnosis),Other specified disorders of conjunctiva - ICD-11-WHO:9A6Y,Other specified disorders of conjunctiva,Diagnosis,N/A,,,
6e6bfa79-7953-4c6d-8e47-5b327415badc,,ICD-11-WHO:9A6Z,Disorders of conjunctiva unspecified (Eye diagnosis),Disorders of conjunctiva unspecified - ICD-11-WHO:9A6Z,Disorders of conjunctiva unspecified,Diagnosis,N/A,,,
a9e0be7d-0619-4c26-b1a3-9271a3a57c52,,ICD-11-WHO:9A70,Hereditary corneal dystrophies (Eye diagnosis),Hereditary corneal dystrophies - ICD-11-WHO:9A70,Hereditary corneal dystrophies,Diagnosis,N/A,,,
fc6f05f3-a72a-40ce-82ea-a0ba45dbe252,,ICD-11-WHO:9A70.Y,Other specified hereditary corneal dystrophies (Eye diagnosis),Other specified hereditary corneal dystrophies - ICD-11-WHO:9A70.Y,Other specified hereditary corneal dystrophies,Diagnosis,N/A,,,
9a40bda5-0c04-4f2a-a3ab-10e032abdcf7,,ICD-11-WHO:9A70.Z,Hereditary corneal dystrophies unspecified (Eye diagnosis),Hereditary corneal dystrophies unspecified - ICD-11-WHO:9A70.Z,Hereditary corneal dystrophies unspecified,Diagnosis,N/A,,,
f67b8c94-ffc1-409e-baf7-614ba5e889a9,,ICD-11-WHO:9A71,Infectious keratitis (Eye diagnosis),Infectious keratitis - ICD-11-WHO:9A71,Infectious keratitis,Diagnosis,N/A,,,
d5c0fef6-0951-4c21-87a3-544e806bfe7f,,ICD-11-WHO:9A72,Traumatic keratitis (Eye diagnosis),Traumatic keratitis - ICD-11-WHO:9A72,Traumatic keratitis,Diagnosis,N/A,,,
84e9623e-924d-4dcf-b1d7-bd4bbd868591,,ICD-11-WHO:9A73,Exposure keratitis (Eye diagnosis),Exposure keratitis - ICD-11-WHO:9A73,Exposure keratitis,Diagnosis,N/A,,,
44bc4c99-3577-41b3-8140-94b130fe6829,,ICD-11-WHO:9A74,Neurotrophic keratitis (Eye diagnosis),Neurotrophic keratitis - ICD-11-WHO:9A74,Neurotrophic keratitis,Diagnosis,N/A,,,
89c396f0-3479-477d-a232-ed3907edf2a1,,ICD-11-WHO:9A75,Autoimmune keratitis (Eye diagnosis),Autoimmune keratitis - ICD-11-WHO:9A75,Autoimmune keratitis,Diagnosis,N/A,,,
bbcfcd8f-6451-4514-8ef2-2927b0920543,,ICD-11-WHO:9A77,Corneal scars or opacities (Eye diagnosis),Corneal scars or opacities - ICD-11-WHO:9A77,Corneal scars or opacities,Diagnosis,N/A,,,
e820a636-59f3-42ca-8c20-9a5ca1f11081,,ICD-11-WHO:9A77.0,Contact lens-associated corneal infiltrates (Eye diagnosis),Contact lens-associated corneal infiltrates - ICD-11-WHO:9A77.0,Contact lens-associated corneal infiltrates,Diagnosis,N/A,,,
2cbc98a8-9bbb-405f-8bce-2a1df80ea013,,ICD-11-WHO:9A77.Y,Other specified corneal scars or opacities (Eye diagnosis),Other specified corneal scars or opacities - ICD-11-WHO:9A77.Y,Other specified corneal scars or opacities,Diagnosis,N/A,,,
71b3887b-f78f-4fe6-8c08-a4fd1eec381b,,ICD-11-WHO:9A77.Z,Corneal scars or opacities unspecified (Eye diagnosis),Corneal scars or opacities unspecified - ICD-11-WHO:9A77.Z,Corneal scars or opacities unspecified,Diagnosis,N/A,,,
9b3a43f1-4a4d-4174-8cea-6023a8a17b88,,ICD-11-WHO:9A78,Certain specified disorders of cornea (Eye diagnosis),Certain specified disorders of cornea - ICD-11-WHO:9A78,Certain specified disorders of cornea,Diagnosis,N/A,,,
3e348939-7b9b-4213-a7fb-2ec0e9f26abf,,ICD-11-WHO:9A78.1,Corneal pigmentations or deposits (Eye diagnosis),Corneal pigmentations or deposits - ICD-11-WHO:9A78.1,Corneal pigmentations or deposits,Diagnosis,N/A,,,
637b9067-b2a8-4632-8539-6ce47c65efac,,ICD-11-WHO:9A78.2,Corneal oedema (Eye diagnosis),Corneal oedema - ICD-11-WHO:9A78.2,Corneal oedema,Diagnosis,N/A,,,
684b637d-bbea-400e-9ccb-26b6e2dfe304,,ICD-11-WHO:9A78.21,Secondary corneal oedema (Eye diagnosis),Secondary corneal oedema - ICD-11-WHO:9A78.21,Secondary corneal oedema,Diagnosis,N/A,,,
a55938d8-1983-4f1a-9c15-37ca22f5b98e,,ICD-11-WHO:9A78.2Y,Other specified corneal oedema (Eye diagnosis),Other specified corneal oedema - ICD-11-WHO:9A78.2Y,Other specified corneal oedema,Diagnosis,N/A,,,
87454cd3-2341-44b2-8e7a-1ed47bd5be14,,ICD-11-WHO:9A78.2Z,Corneal oedema unspecified (Eye diagnosis),Corneal oedema unspecified - ICD-11-WHO:9A78.2Z,Corneal oedema unspecified,Diagnosis,N/A,,,
b7a12887-08d6-458f-b970-ec2235f93ec3,,ICD-11-WHO:9A78.3,Changes in corneal membranes (Eye diagnosis),Changes in corneal membranes - ICD-11-WHO:9A78.3,Changes in corneal membranes,Diagnosis,N/A,,,
51117754-f5b4-4eef-87f4-b31ed58ebef1,,ICD-11-WHO:9A78.5,Corneal deformities (Eye diagnosis),Corneal deformities - ICD-11-WHO:9A78.5,Corneal deformities,Diagnosis,N/A,,,
eac95100-a451-41db-b335-6f946f32fb9b,,ICD-11-WHO:9A78.5Y,Other specified corneal deformities (Eye diagnosis),Other specified corneal deformities - ICD-11-WHO:9A78.5Y,Other specified corneal deformities,Diagnosis,N/A,,,
0c909e08-49dc-472c-8cbd-987ac0acc9ea,,ICD-11-WHO:9A78.5Z,Corneal deformities unspecified (Eye diagnosis),Corneal deformities unspecified - ICD-11-WHO:9A78.5Z,Corneal deformities unspecified,Diagnosis,N/A,,,
bea1e9ee-448f-4bdf-a6c5-d3654e55bbce,,ICD-11-WHO:9A78.6,Anaesthesia of cornea (Eye diagnosis),Anaesthesia of cornea - ICD-11-WHO:9A78.6,Anaesthesia of cornea,Diagnosis,N/A,,,
d8a0b37c-1bd1-4675-bde5-f3a123ce527e,,ICD-11-WHO:9A78.7,Hypoesthesia of cornea (Eye diagnosis),Hypoesthesia of cornea - ICD-11-WHO:9A78.7,Hypoesthesia of cornea,Diagnosis,N/A,,,
b6d90510-5b0d-4d52-aef9-b76941de3365,,ICD-11-WHO:9A78.Z,Certain specified disorders of cornea unspecified (Eye diagnosis),Certain specified disorders of cornea unspecified - ICD-11-WHO:9A78.Z,Certain specified disorders of cornea unspecified,Diagnosis,N/A,,,
8f6ccffa-c75d-43ba-90bb-8e2713a8aa34,,ICD-11-WHO:9A7Y,Other specified disorders of the cornea (Eye diagnosis),Other specified disorders of the cornea - ICD-11-WHO:9A7Y,Other specified disorders of the cornea,Diagnosis,N/A,,,
5e1f7cee-6c3d-47a3-adbc-391c3654a831,,ICD-11-WHO:9A7Z,Disorders of the cornea unspecified (Eye diagnosis),Disorders of the cornea unspecified - ICD-11-WHO:9A7Z,Disorders of the cornea unspecified,Diagnosis,N/A,,,
b813e7c6-77c3-4c8e-a313-010cc47f833b,,ICD-11-WHO:9A80,Hyphaema (Eye diagnosis) (Eye diagnosis),Hyphaema - ICD-11-WHO:9A80,Hyphaema,Diagnosis,N/A,,,
e08d7e33-4cc9-457d-9d9c-c20aa70cb1ff,,ICD-11-WHO:9A81,Parasites in the anterior chamber of the eye (Eye diagnosis),Parasites in the anterior chamber of the eye - ICD-11-WHO:9A81,Parasites in the anterior chamber of the eye,Diagnosis,N/A,,,
d73e0b1f-939b-43a5-8100-6b34d85c4bbd,,ICD-11-WHO:9A82,Cyst in the anterior chamber of the eye (Eye diagnosis),Cyst in the anterior chamber of the eye - ICD-11-WHO:9A82,Cyst in the anterior chamber of the eye,Diagnosis,N/A,,,
1b64ac1a-2e8e-42dc-beba-066000632b70,,ICD-11-WHO:9A83,Flat anterior chamber hypotony of eye (Eye diagnosis),Flat anterior chamber hypotony of eye - ICD-11-WHO:9A83,Flat anterior chamber hypotony of eye,Diagnosis,N/A,,,
333220e4-c996-4edd-9877-ea3576126c22,,ICD-11-WHO:9A8Y,Other specified disorders of the anterior chamber (Eye diagnosis),Other specified disorders of the anterior chamber - ICD-11-WHO:9A8Y,Other specified disorders of the anterior chamber,Diagnosis,N/A,,,
779c6327-38ac-430e-8de4-858677db5bbf,,ICD-11-WHO:9A8Z,Disorders of the anterior chamber unspecified (Eye diagnosis),Disorders of the anterior chamber unspecified - ICD-11-WHO:9A8Z,Disorders of the anterior chamber unspecified,Diagnosis,N/A,,,
eaa9f264-ade3-4abb-8f8f-4850b202ad96,,ICD-11-WHO:9A90,Degeneration of iris or ciliary body (Eye diagnosis),Degeneration of iris or ciliary body - ICD-11-WHO:9A90,Degeneration of iris or ciliary body,Diagnosis,N/A,,,
b84f4e06-6ddb-4bc9-a395-732107e6419c,,ICD-11-WHO:9A90.0,Disorders of chamber angle (Eye diagnosis),Disorders of chamber angle - ICD-11-WHO:9A90.0,Disorders of chamber angle,Diagnosis,N/A,,,
2a85aa9e-3112-48b4-8ac2-a7b150eb5297,,ICD-11-WHO:9A90.1,Degeneration of iris (Eye diagnosis),Degeneration of iris - ICD-11-WHO:9A90.1,Degeneration of iris,Diagnosis,N/A,,,
7162b279-7148-4433-aef6-515e5b4fd0a1,,ICD-11-WHO:9A90.2,Iris atrophy (Eye diagnosis),Iris atrophy - ICD-11-WHO:9A90.2,Iris atrophy,Diagnosis,N/A,,,
5d349c17-edb2-4c74-8d70-59bdf151c3ca,,ICD-11-WHO:9A90.Y,Other specified degeneration of iris or ciliary body (Eye diagnosis),Other specified degeneration of iris or ciliary body - ICD-11-WHO:9A90.Y,Other specified degeneration of iris or ciliary body,Diagnosis,N/A,,,
41487c77-b81c-4fa4-a580-8a5d452302e8,,ICD-11-WHO:9A90.Z,Degeneration of iris or ciliary body unspecified (Eye diagnosis),Degeneration of iris or ciliary body unspecified - ICD-11-WHO:9A90.Z,Degeneration of iris or ciliary body unspecified,Diagnosis,N/A,,,
cc50739d-1595-4d11-b77e-1625093af4cf,,ICD-11-WHO:9A91,Cyst of iris ciliary body or anterior chamber (Eye diagnosis),Cyst of iris ciliary body or anterior chamber - ICD-11-WHO:9A91,Cyst of iris ciliary body or anterior chamber,Diagnosis,N/A,,,
f2cb2766-759b-42f7-bcbe-a5fe0a46503f,,ICD-11-WHO:9A92,Persistent pupillary membranes (Eye diagnosis),Persistent pupillary membranes - ICD-11-WHO:9A92,Persistent pupillary membranes,Diagnosis,N/A,,,
80746b00-ec4f-4176-8a09-fcd21f086c13,,ICD-11-WHO:9A93,Adhesions or disruptions of iris or ciliary body (Eye diagnosis),Adhesions or disruptions of iris or ciliary body - ICD-11-WHO:9A93,Adhesions or disruptions of iris or ciliary body,Diagnosis,N/A,,,
afaeee6f-a0d5-4494-8840-21bbd7e59728,,ICD-11-WHO:9A94,Certain specified disorders of iris or ciliary body (Eye diagnosis),Certain specified disorders of iris or ciliary body - ICD-11-WHO:9A94,Certain specified disorders of iris or ciliary body,Diagnosis,N/A,,,
b3cd0341-7650-4c00-8523-77b9aeaac64a,,ICD-11-WHO:9A94.0,Rubeosis of iris (Eye diagnosis),Rubeosis of iris - ICD-11-WHO:9A94.0,Rubeosis of iris,Diagnosis,N/A,,,
95f81517-8a41-4ce6-9a6c-d6e48f96f610,,ICD-11-WHO:9A94.1,Floppy iris syndrome (Eye diagnosis),Floppy iris syndrome - ICD-11-WHO:9A94.1,Floppy iris syndrome,Diagnosis,N/A,,,
809b1c70-ceb7-4466-b651-2dee1820ec29,,ICD-11-WHO:9A94.Y,Other disorders of iris and ciliary body (Eye diagnosis),Other disorders of iris and ciliary body - ICD-11-WHO:9A94.Y,Other disorders of iris and ciliary body,Diagnosis,N/A,,,
e0ea029a-3f67-44bc-8b5e-09f4431e58f2,,ICD-11-WHO:9A96.0,Anterior uveitis not associated with systemic conditions (Eye diagnosis),Anterior uveitis not associated with systemic conditions - ICD-11-WHO:9A96.0,Anterior uveitis not associated with systemic conditions,Diagnosis,N/A,,,
490ea156-9c0a-46cb-a647-c7d1d72bbb17,,ICD-11-WHO:9A96.1,Anterior uveitis associated with systemic conditions (Eye diagnosis),Anterior uveitis associated with systemic conditions - ICD-11-WHO:9A96.1,Anterior uveitis associated with systemic conditions,Diagnosis,N/A,,,
29d5ca2d-7712-44d7-b3aa-c7968c470329,,ICD-11-WHO:9A96.2,Infection-associated anterior uveitis (Eye diagnosis),Infection-associated anterior uveitis - ICD-11-WHO:9A96.2,Infection-associated anterior uveitis,Diagnosis,N/A,,,
b70a2b21-0afa-427e-8b8c-e6e3ec165f3c,,ICD-11-WHO:9A96.3,Primary anterior uveitis (Eye diagnosis),Primary anterior uveitis - ICD-11-WHO:9A96.3,Primary anterior uveitis,Diagnosis,N/A,,,
f6846a29-44d6-4273-9cc4-80d94c32f18a,,ICD-11-WHO:9A96.Y,Other specified anterior uveitis (Eye diagnosis),Other specified anterior uveitis - ICD-11-WHO:9A96.Y,Other specified anterior uveitis,Diagnosis,N/A,,,
71679b28-9c5f-4f43-a1ba-baf90811fe7d,,ICD-11-WHO:9A96.Z,Anterior uveitis unspecified (Eye diagnosis),Anterior uveitis unspecified - ICD-11-WHO:9A96.Z,Anterior uveitis unspecified,Diagnosis,N/A,,,
d59c7594-11ab-4783-95e8-f5c2fc406a01,,ICD-11-WHO:9A9Y,Other specified disorders of the anterior uvea (Eye diagnosis),Other specified disorders of the anterior uvea - ICD-11-WHO:9A9Y,Other specified disorders of the anterior uvea,Diagnosis,N/A,,,
f2d4f72b-327e-4322-899e-cbec1cd677f2,,ICD-11-WHO:9A9Z,Disorders of the anterior uvea unspecified (Eye diagnosis),Disorders of the anterior uvea unspecified - ICD-11-WHO:9A9Z,Disorders of the anterior uvea unspecified,Diagnosis,N/A,,,
c69d1639-81d4-416b-b4ce-29956e01701f,,ICD-11-WHO:9B00,Disorders of the afferent pupillary system (Eye diagnosis),Disorders of the afferent pupillary system - ICD-11-WHO:9B00,Disorders of the afferent pupillary system,Diagnosis,N/A,,,
886e4e8d-04f6-49bb-9523-82a429a16e1e,,ICD-11-WHO:9B00.0,Relative afferent pupillary defects (Eye diagnosis),Relative afferent pupillary defects - ICD-11-WHO:9B00.0,Relative afferent pupillary defects,Diagnosis,N/A,,,
64019e29-1bc2-4f62-ae8c-2f5617e9a162,,ICD-11-WHO:9B00.1,Amaurotic pupillary reaction (Eye diagnosis),Amaurotic pupillary reaction - ICD-11-WHO:9B00.1,Amaurotic pupillary reaction,Diagnosis,N/A,,,
7853025f-9534-4052-b8c9-5b93245ca10a,,ICD-11-WHO:9B00.2,Paradoxical pupillary reaction to light or darkness (Eye diagnosis),Paradoxical pupillary reaction to light or darkness - ICD-11-WHO:9B00.2,Paradoxical pupillary reaction to light or darkness,Diagnosis,N/A,,,
d97726e2-bc34-450d-8034-01f2997b3662,,ICD-11-WHO:9B00.3,Wernicke pupils (Eye diagnosis),Wernicke pupils - ICD-11-WHO:9B00.3,Wernicke pupils,Diagnosis,N/A,,,
32a2e711-f3e1-4d72-bd6b-8573ed24647e,,ICD-11-WHO:9B00.Y,Other specified disorders of the afferent pupillary system (Eye diagnosis),Other specified disorders of the afferent pupillary system - ICD-11-WHO:9B00.Y,Other specified disorders of the afferent pupillary system,Diagnosis,N/A,,,
96e2946a-b05f-401c-a204-1adcf8503494,,ICD-11-WHO:9B00.Z,Disorders of the afferent pupillary system unspecified (Eye diagnosis),Disorders of the afferent pupillary system unspecified - ICD-11-WHO:9B00.Z,Disorders of the afferent pupillary system unspecified,Diagnosis,N/A,,,
a4384e66-99e4-4002-bfa9-e257e5c59a29,,ICD-11-WHO:9B01,Disorders of the efferent pupillary system (Eye diagnosis),Disorders of the efferent pupillary system - ICD-11-WHO:9B01,Disorders of the efferent pupillary system,Diagnosis,N/A,,,
759691d7-83e1-4d16-baf6-dfd09d3a668b,,ICD-11-WHO:9B01.1,Parasympathoparetic pupils (Eye diagnosis),Parasympathoparetic pupils - ICD-11-WHO:9B01.1,Parasympathoparetic pupils,Diagnosis,N/A,,,
40c8b74e-5e7c-4431-9dc4-b2e0871b3c8b,,ICD-11-WHO:9B01.2,Pharmacologic inhibition of the parasympathetic pathway (Eye diagnosis),Pharmacologic inhibition of the parasympathetic pathway - ICD-11-WHO:9B01.2,Pharmacologic inhibition of the parasympathetic pathway,Diagnosis,N/A,,,
c8a03863-7399-404b-8b36-ff2d77843798,,ICD-11-WHO:9B01.3,Iris sphincter disorders (Eye diagnosis),Iris sphincter disorders - ICD-11-WHO:9B01.3,Iris sphincter disorders,Diagnosis,N/A,,,
48f6d9ea-dc41-44d0-ae60-379cd7cf74f1,,ICD-11-WHO:9B01.4,Pharmacologic parasympathicotonic pupils (Eye diagnosis),Pharmacologic parasympathicotonic pupils - ICD-11-WHO:9B01.4,Pharmacologic parasympathicotonic pupils,Diagnosis,N/A,,,
7064d264-d49b-4ddb-b798-3eb3ac1e638b,,ICD-11-WHO:9B01.5,Pharmacologic sympathoparetic pupils (Eye diagnosis),Pharmacologic sympathoparetic pupils - ICD-11-WHO:9B01.5,Pharmacologic sympathoparetic pupils,Diagnosis,N/A,,,
e5007235-5892-40c6-9d12-dc5772c1c2a1,,ICD-11-WHO:9B01.6,Sympathotonic pupils (Eye diagnosis),Sympathotonic pupils - ICD-11-WHO:9B01.6,Sympathotonic pupils,Diagnosis,N/A,,,
7d86b17f-844a-4e54-95fb-c885b0e9962b,,ICD-11-WHO:9B01.7,Episodic unilateral mydriasis (Eye diagnosis),Episodic unilateral mydriasis - ICD-11-WHO:9B01.7,Episodic unilateral mydriasis,Diagnosis,N/A,,,
c7b9a151-82e5-4e02-a9a5-d43ca353f7f2,,ICD-11-WHO:9B01.Y,Other specified disorders of the efferent pupillary system (Eye diagnosis),Other specified disorders of the efferent pupillary system - ICD-11-WHO:9B01.Y,Other specified disorders of the efferent pupillary system,Diagnosis,N/A,,,
26aead49-f6c8-462e-a484-482099e3d41e,,ICD-11-WHO:9B01.Z,Disorders of the efferent pupillary system unspecified (Eye diagnosis),Disorders of the efferent pupillary system unspecified - ICD-11-WHO:9B01.Z,Disorders of the efferent pupillary system unspecified,Diagnosis,N/A,,,
ce177d36-39be-46a2-8b52-0019757667d5,,ICD-11-WHO:9B02,Light-near dissociations (Eye diagnosis),Light-near dissociations - ICD-11-WHO:9B02,Light-near dissociations,Diagnosis,N/A,,,
33b0838d-5435-4dca-914f-a9bde3f48486,,ICD-11-WHO:9B02.0,Argyll Robertson pupil (Eye diagnosis),Argyll Robertson pupil - ICD-11-WHO:9B02.0,Argyll Robertson pupil,Diagnosis,N/A,,,
256192ca-8a4c-4a11-b4cf-e10ed3e84049,,ICD-11-WHO:9B02.1,Pregeniculate light-near dissociations (Eye diagnosis),Pregeniculate light-near dissociations - ICD-11-WHO:9B02.1,Pregeniculate light-near dissociations,Diagnosis,N/A,,,
84080d36-03f8-48ca-bf9e-0a8e4657b742,,ICD-11-WHO:9B02.2,Mesencephalic light-near dissociations (Eye diagnosis),Mesencephalic light-near dissociations - ICD-11-WHO:9B02.2,Mesencephalic light-near dissociations,Diagnosis,N/A,,,
043d183b-458f-4b40-80bc-bb8ee3b763a7,,ICD-11-WHO:9B02.Y,Other specified light-near dissociations (Eye diagnosis),Other specified light-near dissociations - ICD-11-WHO:9B02.Y,Other specified light-near dissociations,Diagnosis,N/A,,,
22dec6f9-d786-40b6-9ae5-43a010045c9a,,ICD-11-WHO:9B02.Z,Light-near dissociations unspecified (Eye diagnosis),Light-near dissociations unspecified - ICD-11-WHO:9B02.Z,Light-near dissociations unspecified,Diagnosis,N/A,,,
fe5810c5-ea0e-4bd4-9ff6-6edcc7d0a38d,,ICD-11-WHO:9B0Y,Other specified functional disorders of the pupil (Eye diagnosis),Other specified functional disorders of the pupil - ICD-11-WHO:9B0Y,Other specified functional disorders of the pupil,Diagnosis,N/A,,,
6d071315-adf5-4084-9146-4890315b4974,,ICD-11-WHO:9B0Z,Functional disorders of the pupil unspecified (Eye diagnosis),Functional disorders of the pupil unspecified - ICD-11-WHO:9B0Z,Functional disorders of the pupil unspecified,Diagnosis,N/A,,,
03bc35b5-b9ce-4f01-b540-3b702fd1b416,,ICD-11-WHO:9B10.0,Age-related cataract (Eye diagnosis),Age-related cataract - ICD-11-WHO:9B10.0,Age-related cataract,Diagnosis,N/A,,,
696258ea-e7d3-4b38-a0db-9092bef1aa0f,,ICD-11-WHO:9B10.00,Coronary age-related cataract (Eye diagnosis),Coronary age-related cataract - ICD-11-WHO:9B10.00,Coronary age-related cataract,Diagnosis,N/A,,,
b5834633-bb38-42d2-8a2b-f14180f274af,,ICD-11-WHO:9B10.01,Punctate age-related cataract (Eye diagnosis),Punctate age-related cataract - ICD-11-WHO:9B10.01,Punctate age-related cataract,Diagnosis,N/A,,,
d04f35e5-8adb-4eb9-934d-e0c8eb6c5306,,ICD-11-WHO:9B10.02,Mature age-related cataract (Eye diagnosis),Mature age-related cataract - ICD-11-WHO:9B10.02,Mature age-related cataract,Diagnosis,N/A,,,
d3f808dc-cc41-48d3-8eea-9454b893af9b,,ICD-11-WHO:9B10.0Y,Other specified age-related cataract (Eye diagnosis),Other specified age-related cataract - ICD-11-WHO:9B10.0Y,Other specified age-related cataract,Diagnosis,N/A,,,
f40278c3-c0dd-4e8e-b3c8-7fde8a41cd5a,,ICD-11-WHO:9B10.0Z,Age-related cataract unspecified (Eye diagnosis),Age-related cataract unspecified - ICD-11-WHO:9B10.0Z,Age-related cataract unspecified,Diagnosis,N/A,,,
34af81f6-c802-4539-8438-fdb7ffd60658,,ICD-11-WHO:9B10.1,Infantile or juvenile cataract (Eye diagnosis),Infantile or juvenile cataract - ICD-11-WHO:9B10.1,Infantile or juvenile cataract,Diagnosis,N/A,,,
d7acba94-f05c-415f-8812-e40844b9ed36,,ICD-11-WHO:9B10.10,Combined forms of infantile and juvenile cataract (Eye diagnosis),Combined forms of infantile and juvenile cataract - ICD-11-WHO:9B10.10,Combined forms of infantile and juvenile cataract,Diagnosis,N/A,,,
d5533aad-71dd-4db4-83e9-3941a6411d47,,ICD-11-WHO:9B10.1Y,Other specified infantile or juvenile cataract (Eye diagnosis),Other specified infantile or juvenile cataract - ICD-11-WHO:9B10.1Y,Other specified infantile or juvenile cataract,Diagnosis,N/A,,,
cbfd6873-1196-46ea-9430-8864ad3809eb,,ICD-11-WHO:9B10.1Z,Infantile or juvenile cataract unspecified (Eye diagnosis),Infantile or juvenile cataract unspecified - ICD-11-WHO:9B10.1Z,Infantile or juvenile cataract unspecified,Diagnosis,N/A,,,
381c9e3c-77da-4b80-b123-b6976d1009b5,,ICD-11-WHO:9B10.2,Certain specified cataracts (Eye diagnosis),Certain specified cataracts - ICD-11-WHO:9B10.2,Certain specified cataracts,Diagnosis,N/A,,,
d9738f84-2e32-44bd-a6e4-94ff6a5984ad,,ICD-11-WHO:9B10.2Y,Other specified cataracts (Eye diagnosis),Other specified cataracts - ICD-11-WHO:9B10.2Y,Other specified cataracts,Diagnosis,N/A,,,
29694547-e223-4b90-ae72-a339006bbe3a,,ICD-11-WHO:9B10.Z,Cataract unspecified (Eye diagnosis),Cataract unspecified - ICD-11-WHO:9B10.Z,Cataract unspecified,Diagnosis,N/A,,,
0af218ce-8419-47b6-8084-59357def6400,,ICD-11-WHO:9B11,Certain specified disorders of lens (Eye diagnosis),Certain specified disorders of lens - ICD-11-WHO:9B11,Certain specified disorders of lens,Diagnosis,N/A,,,
d1f4049e-5fe1-4401-b927-5a161ba5eb96,,ICD-11-WHO:9B11.Y,Other disorders of lens (Eye diagnosis),Other disorders of lens - ICD-11-WHO:9B11.Y,Other disorders of lens,Diagnosis,N/A,,,
912a941f-b3ef-4e2d-916f-1b5d7a5d69b8,,ICD-11-WHO:9B1Z,Disorders of lens unspecified (Eye diagnosis),Disorders of lens unspecified - ICD-11-WHO:9B1Z,Disorders of lens unspecified,Diagnosis,N/A,,,
c0b7173e-ebb4-40d0-b760-865a422d4cf2,,ICD-11-WHO:9B3Y,Other specified disorders of the eyeball - anterior segment (Eye diagnosis),Other specified disorders of the eyeball - anterior segment - ICD-11-WHO:9B3Y,Other specified disorders of the eyeball - anterior segment,Diagnosis,N/A,,,
22a978d4-39b4-413d-b79b-ec9f2871b37d,,ICD-11-WHO:9B3Z,Disorders of the eyeball - anterior segment unspecified (Eye diagnosis),Disorders of the eyeball - anterior segment unspecified - ICD-11-WHO:9B3Z,Disorders of the eyeball - anterior segment unspecified,Diagnosis,N/A,,,
5a61a2d8-8e15-42f0-82c0-219403891133,,ICD-11-WHO:9B5Y,Other specified disorders of sclera (Eye diagnosis),Other specified disorders of sclera - ICD-11-WHO:9B5Y,Other specified disorders of sclera,Diagnosis,N/A,,,
1440763f-1e95-4b67-b2a3-9d36cef926b0,,ICD-11-WHO:9B5Z,Disorders of sclera unspecified (Eye diagnosis),Disorders of sclera unspecified - ICD-11-WHO:9B5Z,Disorders of sclera unspecified,Diagnosis,N/A,,,
7da742ac-823b-429e-a7f6-52b6597af7e1,,ICD-11-WHO:9B61,Choroidal dystrophy (Eye diagnosis),Choroidal dystrophy - ICD-11-WHO:9B61,Choroidal dystrophy,Diagnosis,N/A,,,
15319029-8bcc-4dab-80ef-5aa92b1f1967,,ICD-11-WHO:9B62,Chorioretinal scars (Eye diagnosis),Chorioretinal scars - ICD-11-WHO:9B62,Chorioretinal scars,Diagnosis,N/A,,,
b650159c-2a88-4050-9199-9a163dfc9743,,ICD-11-WHO:9B63,Choroidal haemorrhage or rupture (Eye diagnosis),Choroidal haemorrhage or rupture - ICD-11-WHO:9B63,Choroidal haemorrhage or rupture,Diagnosis,N/A,,,
1d62ce68-18c1-4897-b4e2-db3672e47d64,,ICD-11-WHO:9B65.0,Noninfectious posterior choroiditis (Eye diagnosis),Noninfectious posterior choroiditis - ICD-11-WHO:9B65.0,Noninfectious posterior choroiditis,Diagnosis,N/A,,,
81b1c2b2-ecfb-4680-91f2-eaedf9489af9,,ICD-11-WHO:9B65.1,Infectious posterior choroiditis (Eye diagnosis),Infectious posterior choroiditis - ICD-11-WHO:9B65.1,Infectious posterior choroiditis,Diagnosis,N/A,,,
6f649040-f5f2-48ff-a191-446abbd15f9e,,ICD-11-WHO:9B65.2,Chorioretinal inflammation (Eye diagnosis),Chorioretinal inflammation - ICD-11-WHO:9B65.2,Chorioretinal inflammation,Diagnosis,N/A,,,
a147c126-2cde-48f2-bd75-e3fe481f2f35,,ICD-11-WHO:9B65.Z,Choroiditis unspecified (Eye diagnosis),Choroiditis unspecified - ICD-11-WHO:9B65.Z,Choroiditis unspecified,Diagnosis,N/A,,,
31c78ac1-7358-45f1-b1e4-976b9ad65c08,,ICD-11-WHO:9B66,Intermediate choroiditis (Eye diagnosis),Intermediate choroiditis - ICD-11-WHO:9B66,Intermediate choroiditis,Diagnosis,N/A,,,
38b88ec1-141a-46bd-8067-0b78c2e38d18,,ICD-11-WHO:9B66.0,Noninfectious intermediate choroiditis (Eye diagnosis),Noninfectious intermediate choroiditis - ICD-11-WHO:9B66.0,Noninfectious intermediate choroiditis,Diagnosis,N/A,,,
ee375b5b-e290-47d3-a132-d1138f805989,,ICD-11-WHO:9B66.1,Infectious intermediate choroiditis (Eye diagnosis),Infectious intermediate choroiditis - ICD-11-WHO:9B66.1,Infectious intermediate choroiditis,Diagnosis,N/A,,,
00a6cc67-1af0-4bc9-9859-8e544f3268d6,,ICD-11-WHO:9B66.Z,Intermediate choroiditis unspecified (Eye diagnosis),Intermediate choroiditis unspecified - ICD-11-WHO:9B66.Z,Intermediate choroiditis unspecified,Diagnosis,N/A,,,
144b8cf1-f016-4862-ab6c-6c230bac671c,,ICD-11-WHO:9B6Y,Other specified disorders of the choroid (Eye diagnosis),Other specified disorders of the choroid - ICD-11-WHO:9B6Y,Other specified disorders of the choroid,Diagnosis,N/A,,,
78bfc577-6e49-4c08-b672-d06149c67df2,,ICD-11-WHO:9B6Z,Disorders of the choroid unspecified (Eye diagnosis),Disorders of the choroid unspecified - ICD-11-WHO:9B6Z,Disorders of the choroid unspecified,Diagnosis,N/A,,,
9db8b5e9-8c7b-422a-9072-b8e3e8dc93e6,,ICD-11-WHO:9B70,Inherited retinal dystrophies (Eye diagnosis),Inherited retinal dystrophies - ICD-11-WHO:9B70,Inherited retinal dystrophies,Diagnosis,N/A,,,
42903947-1672-4f84-9272-508794c8e00a,,ICD-11-WHO:9B71.02,Diabetic macular oedema (Eye diagnosis),Diabetic macular oedema - ICD-11-WHO:9B71.02,Diabetic macular oedema,Diagnosis,N/A,,,
16d928fd-b326-43cd-96a0-09077842ca01,,ICD-11-WHO:9B71.0Z,Diabetic retinopathy unspecified (Eye diagnosis),Diabetic retinopathy unspecified - ICD-11-WHO:9B71.0Z,Diabetic retinopathy unspecified,Diagnosis,N/A,,,
db1badef-a80a-453f-afcc-f79494bcf70f,,ICD-11-WHO:9B71.4,Paraneoplastic retinopathy (Eye diagnosis),Paraneoplastic retinopathy - ICD-11-WHO:9B71.4,Paraneoplastic retinopathy,Diagnosis,N/A,,,
5228dbce-846c-483c-80ea-0712a51ed0bd,,ICD-11-WHO:9B71.40,Melanoma associated retinopathy (Eye diagnosis),Melanoma associated retinopathy - ICD-11-WHO:9B71.40,Melanoma associated retinopathy,Diagnosis,N/A,,,
2ca351cf-596a-415f-b1a5-90099e7b8993,,ICD-11-WHO:9B71.4Y,Other specified paraneoplastic retinopathy (Eye diagnosis),Other specified paraneoplastic retinopathy - ICD-11-WHO:9B71.4Y,Other specified paraneoplastic retinopathy,Diagnosis,N/A,,,
ea95f486-d13a-4aba-b314-9c4a8eb983c6,,ICD-11-WHO:9B71.4Z,Paraneoplastic retinopathy unspecified (Eye diagnosis),Paraneoplastic retinopathy unspecified - ICD-11-WHO:9B71.4Z,Paraneoplastic retinopathy unspecified,Diagnosis,N/A,,,
c20d99ce-7c02-49e1-bc62-36d0b805cb3f,,ICD-11-WHO:9B71.5,Autoimmune retinopathy (Eye diagnosis),Autoimmune retinopathy - ICD-11-WHO:9B71.5,Autoimmune retinopathy,Diagnosis,N/A,,,
a45002ae-962c-44fa-9d0e-5cc521418ada,,ICD-11-WHO:9B71.Y,Other specified retinopathy (Eye diagnosis),Other specified retinopathy - ICD-11-WHO:9B71.Y,Other specified retinopathy,Diagnosis,N/A,,,
6d098302-4807-476a-9539-67402ad80953,,ICD-11-WHO:9B71.Z,Retinopathy unspecified (Eye diagnosis),Retinopathy unspecified - ICD-11-WHO:9B71.Z,Retinopathy unspecified,Diagnosis,N/A,,,
5b3a1254-82b5-4b2f-bf9f-380071f417ad,,ICD-11-WHO:9B72,Inflammatory diseases of the retina (Eye diagnosis),Inflammatory diseases of the retina - ICD-11-WHO:9B72,Inflammatory diseases of the retina,Diagnosis,N/A,,,
d1caef8e-83fd-4282-818d-357fff132cc3,,ICD-11-WHO:9B72.0,Viral retinitis (Eye diagnosis),Viral retinitis - ICD-11-WHO:9B72.0,Viral retinitis,Diagnosis,N/A,,,
439a41bd-8b80-445d-bbac-04c181efc6b9,,ICD-11-WHO:9B72.01,HIV retinitis (Eye diagnosis),HIV retinitis - ICD-11-WHO:9B72.01,HIV retinitis,Diagnosis,N/A,,,
60247f06-48fe-4410-a3af-baee106c4274,,ICD-11-WHO:9B72.0Y,Other specified viral retinitis (Eye diagnosis),Other specified viral retinitis - ICD-11-WHO:9B72.0Y,Other specified viral retinitis,Diagnosis,N/A,,,
7db5696a-7a0a-410d-aeb3-2a233040d46a,,ICD-11-WHO:9B72.0Z,Viral retinitis unspecified (Eye diagnosis),Viral retinitis unspecified - ICD-11-WHO:9B72.0Z,Viral retinitis unspecified,Diagnosis,N/A,,,
28a04707-11d3-40a5-b773-8d81dc56db9c,,ICD-11-WHO:9B72.Y,Other specified inflammatory diseases of the retina (Eye diagnosis),Other specified inflammatory diseases of the retina - ICD-11-WHO:9B72.Y,Other specified inflammatory diseases of the retina,Diagnosis,N/A,,,
133530f4-7013-4f4f-b396-3cbecefb5996,,ICD-11-WHO:9B72.Z,Inflammatory diseases of the retina unspecified (Eye diagnosis),Inflammatory diseases of the retina unspecified - ICD-11-WHO:9B72.Z,Inflammatory diseases of the retina unspecified,Diagnosis,N/A,,,
69535998-cf22-4231-af65-6df7a52733a0,,ICD-11-WHO:9B73,Retinal detachments or breaks (Eye diagnosis),Retinal detachments or breaks - ICD-11-WHO:9B73,Retinal detachments or breaks,Diagnosis,N/A,,,
5f181e92-e70d-4838-8d24-5c8674cb87d4,,ICD-11-WHO:9B73.0,Retinal detachment with retinal break (Eye diagnosis),Retinal detachment with retinal break - ICD-11-WHO:9B73.0,Retinal detachment with retinal break,Diagnosis,N/A,,,
2214ed06-54ba-4b2a-861d-b1d5a5174a6d,,ICD-11-WHO:9B73.10,Adult retinoschisis (Eye diagnosis),Adult retinoschisis - ICD-11-WHO:9B73.10,Adult retinoschisis,Diagnosis,N/A,,,
6e486b97-ef02-4ba6-b246-9db0803a9423,,ICD-11-WHO:9B73.1Y,Other specified retinoschisis (Eye diagnosis),Other specified retinoschisis - ICD-11-WHO:9B73.1Y,Other specified retinoschisis,Diagnosis,N/A,,,
753a8709-b125-4a65-8690-dbe891284bc2,,ICD-11-WHO:9B73.1Z,Retinoschisis unspecified (Eye diagnosis),Retinoschisis unspecified - ICD-11-WHO:9B73.1Z,Retinoschisis unspecified,Diagnosis,N/A,,,
2f1e64d7-1e1d-47bc-99cc-b8e784ad9aef,,ICD-11-WHO:9B73.2,Retinal cysts (Eye diagnosis),Retinal cysts - ICD-11-WHO:9B73.2,Retinal cysts,Diagnosis,N/A,,,
81f0789f-b58b-4259-aa5a-68c803aa923e,,ICD-11-WHO:9B73.4,Retinal breaks without detachment (Eye diagnosis),Retinal breaks without detachment - ICD-11-WHO:9B73.4,Retinal breaks without detachment,Diagnosis,N/A,,,
d8795ea5-9abc-406a-9774-a853385241e2,,ICD-11-WHO:9B73.Y,Other specified retinal detachments or breaks (Eye diagnosis),Other specified retinal detachments or breaks - ICD-11-WHO:9B73.Y,Other specified retinal detachments or breaks,Diagnosis,N/A,,,
061c7510-bf9b-4fcb-b34d-e04c07403b6d,,ICD-11-WHO:9B73.Z,Retinal detachments or breaks unspecified (Eye diagnosis),Retinal detachments or breaks unspecified - ICD-11-WHO:9B73.Z,Retinal detachments or breaks unspecified,Diagnosis,N/A,,,
345fc21a-2cc0-4055-9b0d-ae05d22bdd47,,ICD-11-WHO:9B74,Retinal vascular occlusions (Eye diagnosis),Retinal vascular occlusions - ICD-11-WHO:9B74,Retinal vascular occlusions,Diagnosis,N/A,,,
5ed4a173-f712-43cd-96e7-ac3559adf7ff,,ICD-11-WHO:9B74.0,Retinal artery occlusions (Eye diagnosis),Retinal artery occlusions - ICD-11-WHO:9B74.0,Retinal artery occlusions,Diagnosis,N/A,,,
0e24c060-56ca-4e3a-8162-e2110cd22b12,,ICD-11-WHO:9B74.1,Retinal venous occlusions (Eye diagnosis),Retinal venous occlusions - ICD-11-WHO:9B74.1,Retinal venous occlusions,Diagnosis,N/A,,,
8062d8ae-363d-4559-9079-68e7b5eaafa4,,ICD-11-WHO:9B74.2,Combined retinal arterial and vein occlusion (Eye diagnosis),Combined retinal arterial and vein occlusion - ICD-11-WHO:9B74.2,Combined retinal arterial and vein occlusion,Diagnosis,N/A,,,
9ff332f3-2043-4162-b5de-5c88449f2a6a,,ICD-11-WHO:9B74.Y,Other specified retinal vascular occlusions (Eye diagnosis),Other specified retinal vascular occlusions - ICD-11-WHO:9B74.Y,Other specified retinal vascular occlusions,Diagnosis,N/A,,,
3877fad5-4e3d-473d-812f-6e26e2af6a8d,,ICD-11-WHO:9B74.Z,Retinal vascular occlusions unspecified (Eye diagnosis),Retinal vascular occlusions unspecified - ICD-11-WHO:9B74.Z,Retinal vascular occlusions unspecified,Diagnosis,N/A,,,
1a17c271-89d0-4071-aed6-5adee8bf3d4f,,ICD-11-WHO:9B75,Macular disorders (Eye diagnosis),Macular disorders - ICD-11-WHO:9B75,Macular disorders,Diagnosis,N/A,,,
a56b710f-b055-4ddb-92be-ffd0898d8636,,ICD-11-WHO:9B75.0,Age-related macular degeneration (Eye diagnosis),Age-related macular degeneration - ICD-11-WHO:9B75.0,Age-related macular degeneration,Diagnosis,N/A,,,
507bdff0-a6c0-49f6-93e6-db179cc700b0,,ICD-11-WHO:9B75.00,Early age-related macular degeneration (Eye diagnosis),Early age-related macular degeneration - ICD-11-WHO:9B75.00,Early age-related macular degeneration,Diagnosis,N/A,,,
a53dfebb-1234-449e-ab25-86dc1405289d,,ICD-11-WHO:9B75.01,Intermediate age-related macular degeneration (Eye diagnosis),Intermediate age-related macular degeneration - ICD-11-WHO:9B75.01,Intermediate age-related macular degeneration,Diagnosis,N/A,,,
5cc8b518-f322-4da3-bfee-1984cc3dea8d,,ICD-11-WHO:9B75.02,Advanced age-related macular degeneration (Eye diagnosis),Advanced age-related macular degeneration - ICD-11-WHO:9B75.02,Advanced age-related macular degeneration,Diagnosis,N/A,,,
14f77507-b62d-467d-97f1-f14b968be935,,ICD-11-WHO:9B75.03,Atrophic late-stage age-related macular degeneration (Eye diagnosis),Atrophic late-stage age-related macular degeneration - ICD-11-WHO:9B75.03,Atrophic late-stage age-related macular degeneration,Diagnosis,N/A,,,
8e84ef98-5bf7-43cf-b2df-58c18c96c0c4,,ICD-11-WHO:9B75.04,Neovascular late-stage age-related macular degeneration (Eye diagnosis),Neovascular late-stage age-related macular degeneration - ICD-11-WHO:9B75.04,Neovascular late-stage age-related macular degeneration,Diagnosis,N/A,,,
8f22a00f-d9cf-4a31-b85a-e6280ee43ba0,,ICD-11-WHO:MC20.1,Small drusen of the macula (Eye diagnosis),Small drusen of the macula - ICD-11-WHO:MC20.1,Small drusen of the macula,Diagnosis,N/A,,,
67ff26ca-c306-4aaf-a287-85c55a384553,,ICD-11-WHO:9B75.0Y,Other specified age-related macular degeneration (Eye diagnosis),Other specified age-related macular degeneration - ICD-11-WHO:9B75.0Y,Other specified age-related macular degeneration,Diagnosis,N/A,,,
f1528724-7eb2-4f58-945e-9d4a48f5f06a,,ICD-11-WHO:9B75.0Z,Age-related macular degeneration unspecified (Eye diagnosis),Age-related macular degeneration unspecified - ICD-11-WHO:9B75.0Z,Age-related macular degeneration unspecified,Diagnosis,N/A,,,
66db62f8-d5b6-400c-b0ae-807873cfa41c,,ICD-11-WHO:9B75.1,Non-traumatic macular hole (Eye diagnosis),Non-traumatic macular hole - ICD-11-WHO:9B75.1,Non-traumatic macular hole,Diagnosis,N/A,,,
b862d659-6c95-4761-a01f-4cfbd37119fa,,ICD-11-WHO:9B75.3,Macular telangiectasia (Eye diagnosis),Macular telangiectasia - ICD-11-WHO:9B75.3,Macular telangiectasia,Diagnosis,N/A,,,
b85cd87d-2ebd-406a-ab15-16ba23d16a49,,ICD-11-WHO:9B75.Y,Other specified macular disorders (Eye diagnosis),Other specified macular disorders - ICD-11-WHO:9B75.Y,Other specified macular disorders,Diagnosis,N/A,,,
96f06e5a-4da2-487f-8b60-23090e93bf55,,ICD-11-WHO:9B75.Z,Macular disorders unspecified (Eye diagnosis),Macular disorders unspecified - ICD-11-WHO:9B75.Z,Macular disorders unspecified,Diagnosis,N/A,,,
e79df485-e688-4b96-a927-b3820c06e140,,ICD-11-WHO:9B76,Degenerative high myopia (Eye diagnosis),Degenerative high myopia - ICD-11-WHO:9B76,Degenerative high myopia,Diagnosis,N/A,,,
79cc8988-18e0-456d-9a85-57b9c0f71f8e,,ICD-11-WHO:9B77,Eales disease (Eye diagnosis),Eales disease - ICD-11-WHO:9B77,Eales disease,Diagnosis,N/A,,,
c155e4e3-5dd5-471c-8aea-e7c050d92e14,,ICD-11-WHO:9B78,Certain specified retinal disorders (Eye diagnosis),Certain specified retinal disorders - ICD-11-WHO:9B78,Certain specified retinal disorders,Diagnosis,N/A,,,
1798a21a-d9b8-4025-84bc-c058237df5be,,ICD-11-WHO:9B78.0,Retinal vasculopathy and cerebral leukodystrophy (Eye diagnosis),Retinal vasculopathy and cerebral leukodystrophy - ICD-11-WHO:9B78.0,Retinal vasculopathy and cerebral leukodystrophy,Diagnosis,N/A,,,
7ddb696c-796b-4cfb-b0b2-97a9408c2fb5,,ICD-11-WHO:9B78.1,Background retinopathy and retinal vascular changes (Eye diagnosis),Background retinopathy and retinal vascular changes - ICD-11-WHO:9B78.1,Background retinopathy and retinal vascular changes,Diagnosis,N/A,,,
ea0e0a65-31f5-4ffd-bf16-9b7669b8e249,,ICD-11-WHO:9B78.10,Changes in retinal vascular appearance (Eye diagnosis),Changes in retinal vascular appearance - ICD-11-WHO:9B78.10,Changes in retinal vascular appearance,Diagnosis,N/A,,,
ae75c535-4fab-4762-8af5-c4de2603c0b8,,ICD-11-WHO:9B78.13,Retinal telangiectasis (Eye diagnosis),Retinal telangiectasis - ICD-11-WHO:9B78.13,Retinal telangiectasis,Diagnosis,N/A,,,
a618df49-91b8-4b8d-92b7-bb72f3a46599,,ICD-11-WHO:9B78.1Y,Other specified background retinopathy and retinal vascular changes (Eye diagnosis),Other specified background retinopathy and retinal vascular changes - ICD-11-WHO:9B78.1Y,Other specified background retinopathy and retinal vascular changes,Diagnosis,N/A,,,
c3a9624d-c6b3-4c91-9697-1ae02ff608d2,,ICD-11-WHO:9B78.1Z,Background retinopathy and retinal vascular changes unspecified (Eye diagnosis),Background retinopathy and retinal vascular changes unspecified - ICD-11-WHO:9B78.1Z,Background retinopathy and retinal vascular changes unspecified,Diagnosis,N/A,,,
b3125468-5a27-4542-8b48-4269d9cc242a,,ICD-11-WHO:9B78.3,Degeneration of macula or posterior pole (Eye diagnosis),Degeneration of macula or posterior pole - ICD-11-WHO:9B78.3,Degeneration of macula or posterior pole,Diagnosis,N/A,,,
82c6c37e-9658-47f1-81f9-21392975c63e,,ICD-11-WHO:9B78.30,Reticular pseudodrusen (Eye diagnosis),Reticular pseudodrusen - ICD-11-WHO:9B78.30,Reticular pseudodrusen,Diagnosis,N/A,,,
c24d6606-e8ff-470b-93c5-008179ec7c75,,ICD-11-WHO:9B78.3Y,Other specified degeneration of macula or posterior pole (Eye diagnosis),Other specified degeneration of macula or posterior pole - ICD-11-WHO:9B78.3Y,Other specified degeneration of macula or posterior pole,Diagnosis,N/A,,,
58079197-d8db-4f22-aba0-839007759b84,,ICD-11-WHO:9B78.3Z,Degeneration of macula or posterior pole unspecified (Eye diagnosis),Degeneration of macula or posterior pole unspecified - ICD-11-WHO:9B78.3Z,Degeneration of macula or posterior pole unspecified,Diagnosis,N/A,,,
91b73199-2cad-4634-915a-2c729182c932,,ICD-11-WHO:9B78.5,Retinal haemorrhage (Eye diagnosis),Retinal haemorrhage - ICD-11-WHO:9B78.5,Retinal haemorrhage,Diagnosis,N/A,,,
1fcf318a-422c-40c3-ac0f-dc6e65f912cc,,ICD-11-WHO:9B78.6,Separation of retinal layers (Eye diagnosis),Separation of retinal layers - ICD-11-WHO:9B78.6,Separation of retinal layers,Diagnosis,N/A,,,
bcc27412-24ba-4fa4-bb21-09c45a64ebed,,ICD-11-WHO:9B78.61,Haemorrhagic detachment of retinal pigment epithelium (Eye diagnosis),Haemorrhagic detachment of retinal pigment epithelium - ICD-11-WHO:9B78.61,Haemorrhagic detachment of retinal pigment epithelium,Diagnosis,N/A,,,
c5eb1965-91d4-4517-bf8d-ee24467fd1a4,,ICD-11-WHO:9B78.6Y,Other specified separation of retinal layers (Eye diagnosis),Other specified separation of retinal layers - ICD-11-WHO:9B78.6Y,Other specified separation of retinal layers,Diagnosis,N/A,,,
5755ca07-8ffb-436c-9be0-221bf65c9fbb,,ICD-11-WHO:9B78.6Z,Separation of retinal layers unspecified (Eye diagnosis),Separation of retinal layers unspecified - ICD-11-WHO:9B78.6Z,Separation of retinal layers unspecified,Diagnosis,N/A,,,
02b8eed0-7cf4-49a7-afc4-7e07d7a17700,,ICD-11-WHO:9B78.7,Retinal oedema (Eye diagnosis),Retinal oedema - ICD-11-WHO:9B78.7,Retinal oedema,Diagnosis,N/A,,,
670c68b0-de41-4250-aad6-09cf5f2fedbc,,ICD-11-WHO:9B78.9,Retinal atrophy (Eye diagnosis),Retinal atrophy - ICD-11-WHO:9B78.9,Retinal atrophy,Diagnosis,N/A,,,
c69709a2-ecf0-4190-8ea0-99c9c5aa2875,,ICD-11-WHO:9B7Y,Other specified disorders of the retina (Eye diagnosis),Other specified disorders of the retina - ICD-11-WHO:9B7Y,Other specified disorders of the retina,Diagnosis,N/A,,,
996fc34b-87f3-405d-9259-6a91fb3ee449,,ICD-11-WHO:9B7Z,Disorders of the retina unspecified (Eye diagnosis),Disorders of the retina unspecified - ICD-11-WHO:9B7Z,Disorders of the retina unspecified,Diagnosis,N/A,,,
1cc97634-16a6-48fe-890a-d8c00f0588c7,,ICD-11-WHO:9B80,Inherited vitreoretinal disorders (Eye diagnosis),Inherited vitreoretinal disorders - ICD-11-WHO:9B80,Inherited vitreoretinal disorders,Diagnosis,N/A,,,
1c5eaa59-3c9e-4357-ab4a-83ea82de4cfb,,ICD-11-WHO:9B83,Vitreous haemorrhage (Eye diagnosis),Vitreous haemorrhage - ICD-11-WHO:9B83,Vitreous haemorrhage,Diagnosis,N/A,,,
dfca28fa-4494-4df6-a547-75e15f8e1d7b,,ICD-11-WHO:9B84,Vitreous opacities membranes or strands (Eye diagnosis),Vitreous opacities membranes or strands - ICD-11-WHO:9B84,Vitreous opacities membranes or strands,Diagnosis,N/A,,,
5b43093f-5624-4e4b-aee3-02cb43e6b42f,,ICD-11-WHO:9B8Y,Other specified disorders of the vitreous body (Eye diagnosis),Other specified disorders of the vitreous body - ICD-11-WHO:9B8Y,Other specified disorders of the vitreous body,Diagnosis,N/A,,,
d24d6b17-a3d7-4181-9927-74e237508727,,ICD-11-WHO:9B8Z,Disorders of the vitreous body unspecified (Eye diagnosis),Disorders of the vitreous body unspecified - ICD-11-WHO:9B8Z,Disorders of the vitreous body unspecified,Diagnosis,N/A,,,
2d1ff88b-f1fb-4482-8950-4c26cace488e,,ICD-11-WHO:9C0Y,Other specified disorders of the eyeball - posterior segment (Eye diagnosis),Other specified disorders of the eyeball - posterior segment - ICD-11-WHO:9C0Y,Other specified disorders of the eyeball - posterior segment,Diagnosis,N/A,,,
9fe2eee0-4f0c-4ff9-aa73-14220b46ee50,,ICD-11-WHO:9C0Z,Disorders of the eyeball - posterior segment unspecified (Eye diagnosis),Disorders of the eyeball - posterior segment unspecified - ICD-11-WHO:9C0Z,Disorders of the eyeball - posterior segment unspecified,Diagnosis,N/A,,,
22630b60-e9f1-49a8-99be-a64eedc33d4f,,ICD-11-WHO:9C20.0,Noninfectious panuveitis (Eye diagnosis),Noninfectious panuveitis - ICD-11-WHO:9C20.0,Noninfectious panuveitis,Diagnosis,N/A,,,
e49d3973-a8eb-4465-b1a2-eaa26ee64388,,ICD-11-WHO:9C20.1,Infectious panuveitis (Eye diagnosis),Infectious panuveitis - ICD-11-WHO:9C20.1,Infectious panuveitis,Diagnosis,N/A,,,
a6c4e560-442b-4bf6-8d21-4743e0bf05bd,,ICD-11-WHO:9C20.Y,Other specified panuveitis (Eye diagnosis),Other specified panuveitis - ICD-11-WHO:9C20.Y,Other specified panuveitis,Diagnosis,N/A,,,
7c8b5464-9c5c-44b3-9ec7-6d68b8b3e910,,ICD-11-WHO:9C20.Z,Panuveitis unspecified (Eye diagnosis),Panuveitis unspecified - ICD-11-WHO:9C20.Z,Panuveitis unspecified,Diagnosis,N/A,,,
484b7230-800c-4e51-9fa8-d359da98f56c,,ICD-11-WHO:9C21.Y,Other specified endophthalmitis (Eye diagnosis),Other specified endophthalmitis - ICD-11-WHO:9C21.Y,Other specified endophthalmitis,Diagnosis,N/A,,,
ffaac40d-2664-45bc-9c7a-ae5c6c6ab8c6,,ICD-11-WHO:9C21.Z,Endophthalmitis unspecified (Eye diagnosis),Endophthalmitis unspecified - ICD-11-WHO:9C21.Z,Endophthalmitis unspecified,Diagnosis,N/A,,,
fe2fcaf5-0a84-4804-90e0-626e4622951b,,ICD-11-WHO:9C22,Eyeball deformity (Eye diagnosis),Eyeball deformity - ICD-11-WHO:9C22,Eyeball deformity,Diagnosis,N/A,,,
874ee050-8594-4b82-be3e-b4b9f64a438e,,ICD-11-WHO:9C22.0,Atrophic Bulbi (Eye diagnosis),Atrophic Bulbi - ICD-11-WHO:9C22.0,Atrophic Bulbi,Diagnosis,N/A,,,
afe57e3b-fe64-49bc-ada1-26ce4620f499,,ICD-11-WHO:9C22.Y,Other specified eyeball deformity (Eye diagnosis),Other specified eyeball deformity - ICD-11-WHO:9C22.Y,Other specified eyeball deformity,Diagnosis,N/A,,,
8dcce16f-bd22-4f39-a9b5-99c1d62ace17,,ICD-11-WHO:9C22.Z,Eyeball deformity unspecified (Eye diagnosis),Eyeball deformity unspecified - ICD-11-WHO:9C22.Z,Eyeball deformity unspecified,Diagnosis,N/A,,,
84cf870c-8ce2-464b-83e0-9433c51e9b23,,ICD-11-WHO:9C2Y,Other specified disorders of the eyeball affecting both anterior and posterior segments (Eye diagnosis),Other specified disorders of the eyeball affecting both anterior and posterior segments - ICD-11-WHO:9C2Y,Other specified disorders of the eyeball affecting both anterior and posterior segments,Diagnosis,N/A,,,
904387ac-9fcc-4a3b-8e0f-77f777e612f3,,ICD-11-WHO:9C2Z,Disorders of the eyeball affecting both anterior and posterior segments unspecified (Eye diagnosis),Disorders of the eyeball affecting both anterior and posterior segments unspecified - ICD-11-WHO:9C2Z,Disorders of the eyeball affecting both anterior and posterior segments unspecified,Diagnosis,N/A,,,
f6da65f0-d474-4ba8-8f19-a5502d1c8aa5,,ICD-11-WHO:9C40,Disorder of the optic nerve (Eye diagnosis),Disorder of the optic nerve - ICD-11-WHO:9C40,Disorder of the optic nerve,Diagnosis,N/A,,,
82f352dd-f5e4-4131-b68d-de9c040e13e3,,ICD-11-WHO:9C40.0,Infectious optic neuropathy (Eye diagnosis),Infectious optic neuropathy - ICD-11-WHO:9C40.0,Infectious optic neuropathy,Diagnosis,N/A,,,
64321ecf-8008-4dfd-a840-8966053abea5,,ICD-11-WHO:9C40.1Y,Other specified optic neuritis (Eye diagnosis),Other specified optic neuritis - ICD-11-WHO:9C40.1Y,Other specified optic neuritis,Diagnosis,N/A,,,
1e847452-42d3-4299-a414-d74fb6ac700f,,ICD-11-WHO:9C40.1Z,Optic neuritis unspecified (Eye diagnosis),Optic neuritis unspecified - ICD-11-WHO:9C40.1Z,Optic neuritis unspecified,Diagnosis,N/A,,,
6cd772b6-bafa-4dcb-82c0-a783f040a96f,,ICD-11-WHO:9C40.2,Neuroretinitis (Eye diagnosis),Neuroretinitis - ICD-11-WHO:9C40.2,Neuroretinitis,Diagnosis,N/A,,,
ea3e80b5-edff-4847-810f-483a44800e6a,,ICD-11-WHO:9C40.3,Perineuritis of optic nerve (Eye diagnosis),Perineuritis of optic nerve - ICD-11-WHO:9C40.3,Perineuritis of optic nerve,Diagnosis,N/A,,,
cdf2ff96-9364-41d7-afbf-e57a2e70e60f,,ICD-11-WHO:9C40.4Y,Other specified ischaemic optic neuropathy (Eye diagnosis),Other specified ischaemic optic neuropathy - ICD-11-WHO:9C40.4Y,Other specified ischaemic optic neuropathy,Diagnosis,N/A,,,
bde498db-a319-43a7-945e-818176d507f5,,ICD-11-WHO:9C40.4Z,Ischaemic optic neuropathy unspecified (Eye diagnosis),Ischaemic optic neuropathy unspecified - ICD-11-WHO:9C40.4Z,Ischaemic optic neuropathy unspecified,Diagnosis,N/A,,,
fe360e0f-e8d8-4d5d-82b3-9d670b851199,,ICD-11-WHO:9C40.5,Compressive optic neuropathy (Eye diagnosis),Compressive optic neuropathy - ICD-11-WHO:9C40.5,Compressive optic neuropathy,Diagnosis,N/A,,,
625a83f8-16bb-49bb-87c1-12eb76e3cf1c,,ICD-11-WHO:9C40.6,Infiltrative optic neuropathy (Eye diagnosis),Infiltrative optic neuropathy - ICD-11-WHO:9C40.6,Infiltrative optic neuropathy,Diagnosis,N/A,,,
ac53d5be-a9c6-44b5-a454-e4be4b2c119c,,ICD-11-WHO:9C40.8,Hereditary optic neuropathy (Eye diagnosis),Hereditary optic neuropathy - ICD-11-WHO:9C40.8,Hereditary optic neuropathy,Diagnosis,N/A,,,
4e7cb59c-5146-4a8a-bb84-dcd1b2aeaa76,,ICD-11-WHO:9C40.9,Glaucomatous optic neuropathy (Eye diagnosis),Glaucomatous optic neuropathy - ICD-11-WHO:9C40.9,Glaucomatous optic neuropathy,Diagnosis,N/A,,,
ec4edf46-5538-4908-930b-b9bad4e4d79b,,ICD-11-WHO:9C40.A,Optic disc swelling (Eye diagnosis),Optic disc swelling - ICD-11-WHO:9C40.A,Optic disc swelling,Diagnosis,N/A,,,
84140331-2a02-43d2-81fe-c917b39aeb26,,ICD-11-WHO:9C40.A0,Papilloedema (Eye diagnosis),Papilloedema - ICD-11-WHO:9C40.A0,Papilloedema,Diagnosis,N/A,,,
2f62ccb5-5d55-4f07-b16a-57e08016095d,,ICD-11-WHO:9C40.A1,Optic disc swelling associated with uveitis (Eye diagnosis),Optic disc swelling associated with uveitis - ICD-11-WHO:9C40.A1,Optic disc swelling associated with uveitis,Diagnosis,N/A,,,
6570c141-6f85-4897-b101-9597127c9a12,,ICD-11-WHO:9C40.AY,Other specified optic disc swelling (Eye diagnosis),Other specified optic disc swelling - ICD-11-WHO:9C40.AY,Other specified optic disc swelling,Diagnosis,N/A,,,
83aa298e-4eae-42e0-919d-ba0dde552b63,,ICD-11-WHO:9C40.AZ,Optic disc swelling unspecified (Eye diagnosis),Optic disc swelling unspecified - ICD-11-WHO:9C40.AZ,Optic disc swelling unspecified,Diagnosis,N/A,,,
627feeab-d6c3-4d79-bea5-9e7ae2f6baff,,ICD-11-WHO:9C40.B0,Congenital optic atrophy (Eye diagnosis),Congenital optic atrophy - ICD-11-WHO:9C40.B0,Congenital optic atrophy,Diagnosis,N/A,,,
010c85ec-0fa7-4fc6-912a-47d2f607af97,,ICD-11-WHO:9C40.B1,Acquired optic atrophy (Eye diagnosis),Acquired optic atrophy - ICD-11-WHO:9C40.B1,Acquired optic atrophy,Diagnosis,N/A,,,
a5e802da-01da-4d29-9cc7-f3d7a6fc9f03,,ICD-11-WHO:9C40.BZ,Optic atrophy unspecified (Eye diagnosis),Optic atrophy unspecified - ICD-11-WHO:9C40.BZ,Optic atrophy unspecified,Diagnosis,N/A,,,
3627a9cc-9b44-42bf-8924-39fd4496bb42,,ICD-11-WHO:9C40.Y,Other specified disorder of the optic nerve (Eye diagnosis),Other specified disorder of the optic nerve - ICD-11-WHO:9C40.Y,Other specified disorder of the optic nerve,Diagnosis,N/A,,,
bf134781-8093-4e70-a5b5-8fcc5faafcf4,,ICD-11-WHO:9C40.Z,Disorder of the optic nerve unspecified (Eye diagnosis),Disorder of the optic nerve unspecified - ICD-11-WHO:9C40.Z,Disorder of the optic nerve unspecified,Diagnosis,N/A,,,
3229c347-e79f-4830-ac37-c8e91f47ab50,,ICD-11-WHO:9C41,Disorder of optic chiasm (Eye diagnosis),Disorder of optic chiasm - ICD-11-WHO:9C41,Disorder of optic chiasm,Diagnosis,N/A,,,
793f023f-68da-4350-adad-cabd75efd04c,,ICD-11-WHO:9C42,Disorder of post chiasmal visual pathways (Eye diagnosis),Disorder of post chiasmal visual pathways - ICD-11-WHO:9C42,Disorder of post chiasmal visual pathways,Diagnosis,N/A,,,
e4b22ebf-7554-4c62-afdc-fa6e0935640d,,ICD-11-WHO:9C44,Disorder of higher visual centres (Eye diagnosis),Disorder of higher visual centres,Disorder of higher visual centres,Diagnosis,N/A,,,
d1cabdcd-a4fd-4552-9d28-a8b96fb7a7a8,,ICD-11-WHO:9C4Y,Other specified disorders of the visual pathways or centres (Eye diagnosis),Other specified disorders of the visual pathways or centres - ICD-11-WHO:9C4Y,Other specified disorders of the visual pathways or centres,Diagnosis,N/A,,,
044c66ec-2044-43db-99de-183c17243257,,ICD-11-WHO:9C4Z,Disorders of the visual pathways or centres unspecified (Eye diagnosis),Disorders of the visual pathways or centres unspecified - ICD-11-WHO:9C4Z,Disorders of the visual pathways or centres unspecified,Diagnosis,N/A,,,
1b7c3fe3-3398-4e7d-b57a-86ec836171e8,,ICD-11-WHO:9C61.0,Primary open-angle glaucoma (Eye diagnosis),Primary open-angle glaucoma - ICD-11-WHO:9C61.0,Primary open-angle glaucoma,Diagnosis,N/A,,,
b69dac46-fa7b-4cc1-a5ba-5089219e55b7,,ICD-11-WHO:9C61.00,Normal tension glaucoma (Eye diagnosis),Normal tension glaucoma - ICD-11-WHO:9C61.00,Normal tension glaucoma,Diagnosis,N/A,,,
765da138-196e-462a-b11e-399a6c01fe38,,ICD-11-WHO:9C61.0Y,Other specified primary open-angle glaucoma (Eye diagnosis),Other specified primary open-angle glaucoma - ICD-11-WHO:9C61.0Y,Other specified primary open-angle glaucoma,Diagnosis,N/A,,,
6081da89-1b6c-4697-8ec9-d68ab89bfbf4,,ICD-11-WHO:9C61.0Z,Primary open-angle glaucoma unspecified (Eye diagnosis),Primary open-angle glaucoma unspecified - ICD-11-WHO:9C61.0Z,Primary open-angle glaucoma unspecified,Diagnosis,N/A,,,
a94da107-b5b6-4465-a645-3ad39d601afa,,ICD-11-WHO:9C61.1,Primary angle closure and angle closure glaucoma (Eye diagnosis),Primary angle closure and angle closure glaucoma - ICD-11-WHO:9C61.1,Primary angle closure and angle closure glaucoma,Diagnosis,N/A,,,
216d62b4-4852-4055-9eee-4091e94bfb8c,,ICD-11-WHO:9C61.10,Primary angle closure suspect or anatomical narrow angle (Eye diagnosis),Primary angle closure suspect or anatomical narrow angle - ICD-11-WHO:9C61.10,Primary angle closure suspect or anatomical narrow angle,Diagnosis,N/A,,,
a531961a-e6e7-45ff-b9f2-352ef7f139b1,,ICD-11-WHO:9C61.11,Primary angle-closure (Eye diagnosis),Primary angle-closure - ICD-11-WHO:9C61.11,Primary angle-closure,Diagnosis,N/A,,,
de8df727-10dc-487f-a0b2-96a39f68acb0,,ICD-11-WHO:9C61.12,Primary angle closure glaucoma (Eye diagnosis),Primary angle closure glaucoma - ICD-11-WHO:9C61.12,Primary angle closure glaucoma,Diagnosis,N/A,,,
dff9bd96-4580-4a42-9776-2f674376dddc,,ICD-11-WHO:9C61.13,Primary angle closure without pupillary block (Eye diagnosis),Primary angle closure without pupillary block - ICD-11-WHO:9C61.13,Primary angle closure without pupillary block,Diagnosis,N/A,,,
fc336e87-df52-4d83-8d0e-62e5ce051f42,,ICD-11-WHO:9C61.14,Acute angle closure with pupillary block (Eye diagnosis),Acute angle closure with pupillary block - ICD-11-WHO:9C61.14,Acute angle closure with pupillary block,Diagnosis,N/A,,,
1b61bfdb-de39-457d-9fce-261dff8e339d,,ICD-11-WHO:9C61.15,Intermittent angle-closure (Eye diagnosis),Intermittent angle-closure - ICD-11-WHO:9C61.15,Intermittent angle-closure,Diagnosis,N/A,,,
14f758ff-f913-4015-8ea9-051c20102a34,,ICD-11-WHO:9C61.16,Chronic angle-closure (Eye diagnosis),Chronic angle-closure - ICD-11-WHO:9C61.16,Chronic angle-closure,Diagnosis,N/A,,,
94520813-774f-4fdc-b20b-fd8b3738fb6b,,ICD-11-WHO:9C61.17,Condition after acute angle-closure glaucoma attack (Eye diagnosis),Condition after acute angle-closure glaucoma attack - ICD-11-WHO:9C61.17,Condition after acute angle-closure glaucoma attack,Diagnosis,N/A,,,
34dba12e-4cc2-4ead-ae81-8dea85a60a9a,,ICD-11-WHO:9C61.1Y,Other specified primary angle closure and angle closure glaucoma (Eye diagnosis),Other specified primary angle closure and angle closure glaucoma - ICD-11-WHO:9C61.1Y,Other specified primary angle closure and angle closure glaucoma,Diagnosis,N/A,,,
f51f8690-9d92-42a0-b5a2-74ccb5fbe985,,ICD-11-WHO:9C61.1Z,Primary angle closure and angle closure glaucoma unspecified (Eye diagnosis),Primary angle closure and angle closure glaucoma unspecified - ICD-11-WHO:9C61.1Z,Primary angle closure and angle closure glaucoma unspecified,Diagnosis,N/A,,,
ec7c0c97-5050-4aea-a88a-fade62fe58a5,,ICD-11-WHO:9C61.20,Pseudoexfoliative open-angle glaucoma (Eye diagnosis),Pseudoexfoliative open-angle glaucoma - ICD-11-WHO:9C61.20,Pseudoexfoliative open-angle glaucoma,Diagnosis,N/A,,,
733310e1-4461-45b9-894f-079f218187d5,,ICD-11-WHO:9C61.22,Lens-induced secondary open-angle glaucoma (Eye diagnosis),Lens-induced secondary open-angle glaucoma - ICD-11-WHO:9C61.22,Lens-induced secondary open-angle glaucoma,Diagnosis,N/A,,,
74d2dd09-2455-4430-b640-62d7b0eb9870,,ICD-11-WHO:9C61.23,Glaucoma associated with intraocular haemorrhage (Eye diagnosis),Glaucoma associated with intraocular haemorrhage - ICD-11-WHO:9C61.23,Glaucoma associated with intraocular haemorrhage,Diagnosis,N/A,,,
c277d390-4744-44eb-8eb4-c27ec1dd6b8a,,ICD-11-WHO:9C61.24,Glaucoma due to eye inflammation (Eye diagnosis),Glaucoma due to eye inflammation - ICD-11-WHO:9C61.24,Glaucoma due to eye inflammation,Diagnosis,N/A,,,
6d23f238-db56-4123-bd96-92f91fd77eb1,,ICD-11-WHO:9C61.25,Glaucomato-cyclitic crisis (Eye diagnosis),Glaucomato-cyclitic crisis - ICD-11-WHO:9C61.25,Glaucomato-cyclitic crisis,Diagnosis,N/A,,,
c0a8884b-3167-4f3d-8e18-0fd4f413c509,,ICD-11-WHO:9C61.26,Secondary open-angle glaucoma due to parasitic eye disease (Eye diagnosis),Secondary open-angle glaucoma due to parasitic eye disease - ICD-11-WHO:9C61.26,Secondary open-angle glaucoma due to parasitic eye disease,Diagnosis,N/A,,,
41550fe3-8674-43a0-81a0-755e7404126f,,ICD-11-WHO:9C61.27,Glaucoma due to intraocular tumours (Eye diagnosis),Glaucoma due to intraocular tumours - ICD-11-WHO:9C61.27,Glaucoma due to intraocular tumours,Diagnosis,N/A,,,
3b8a0e22-d567-40c7-af93-13f908a8488b,,ICD-11-WHO:9C61.28,Glaucoma associated with retinal detachment (Eye diagnosis),Glaucoma associated with retinal detachment - ICD-11-WHO:9C61.28,Glaucoma associated with retinal detachment,Diagnosis,N/A,,,
11689be9-c3fd-40ea-9648-45fbc857bec9,,ICD-11-WHO:9C61.29,Glaucoma due to eye trauma (Eye diagnosis),Glaucoma due to eye trauma - ICD-11-WHO:9C61.29,Glaucoma due to eye trauma,Diagnosis,N/A,,,
af8736cb-0020-4d04-8aac-594caa476b48,,ICD-11-WHO:9C61.2A,Glaucoma due to drugs (Eye diagnosis),Glaucoma due to drugs - ICD-11-WHO:9C61.2A,Glaucoma due to drugs,Diagnosis,N/A,,,
4dd29420-01e4-4683-afc2-a8dbcec7d1b7,,ICD-11-WHO:9C61.2B,Glaucoma caused by increased episcleral venous pressure (Eye diagnosis),Glaucoma caused by increased episcleral venous pressure - ICD-11-WHO:9C61.2B,Glaucoma caused by increased episcleral venous pressure,Diagnosis,N/A,,,
c4a0e12d-2500-47b2-8aea-589cd63e511e,,ICD-11-WHO:9C61.2C,Secondary glaucoma due to extra-ocular mass (Eye diagnosis),Secondary glaucoma due to extra-ocular mass - ICD-11-WHO:9C61.2C,Secondary glaucoma due to extra-ocular mass,Diagnosis,N/A,,,
6f13cc8c-b162-4e5a-87aa-9a425b173b1b,,ICD-11-WHO:9C61.2Y,Other specified secondary open-angle glaucoma (Eye diagnosis),Other specified secondary open-angle glaucoma - ICD-11-WHO:9C61.2Y,Other specified secondary open-angle glaucoma,Diagnosis,N/A,,,
07144236-b748-4897-921f-7d4a0f32b40a,,ICD-11-WHO:9C61.2Z,Secondary open-angle glaucoma unspecified (Eye diagnosis),Secondary open-angle glaucoma unspecified - ICD-11-WHO:9C61.2Z,Secondary open-angle glaucoma unspecified,Diagnosis,N/A,,,
c60ea93f-c1e6-41b7-aaac-2f2d2430d7ca,,ICD-11-WHO:9C61.3,Secondary angle closure glaucoma (Eye diagnosis),Secondary angle closure glaucoma - ICD-11-WHO:9C61.3,Secondary angle closure glaucoma,Diagnosis,N/A,,,
968c0278-41ea-48cf-9fac-bed0a90e7ec3,,ICD-11-WHO:9C61.30,Secondary angle closure glaucoma with pupillary block (Eye diagnosis),Secondary angle closure glaucoma with pupillary block - ICD-11-WHO:9C61.30,Secondary angle closure glaucoma with pupillary block,Diagnosis,N/A,,,
3a415de5-2894-410e-8ee0-14b8e8653bb8,,ICD-11-WHO:9C61.31,Secondary angle closure glaucoma without pupillary block (Eye diagnosis),Secondary angle closure glaucoma without pupillary block - ICD-11-WHO:9C61.31,Secondary angle closure glaucoma without pupillary block,Diagnosis,N/A,,,
6e0908dd-37a3-4c2a-b323-be100cbfb5cf,,ICD-11-WHO:9C61.32,Neovascular secondary angle closure glaucoma (Eye diagnosis),Neovascular secondary angle closure glaucoma - ICD-11-WHO:9C61.32,Neovascular secondary angle closure glaucoma,Diagnosis,N/A,,,
e78382c3-b4dc-46bc-acc5-79f57a63ecf5,,ICD-11-WHO:9C61.33,Secondary angle closure glaucoma due to endothelial overgrowth (Eye diagnosis),Secondary angle closure glaucoma due to endothelial overgrowth - ICD-11-WHO:9C61.33,Secondary angle closure glaucoma due to endothelial overgrowth,Diagnosis,N/A,,,
97e15ce1-baf4-4aeb-a7f7-da63292e1038,,ICD-11-WHO:9C61.34,Secondary angle closure glaucoma due to epithelial ingrowth (Eye diagnosis),Secondary angle closure glaucoma due to epithelial ingrowth - ICD-11-WHO:9C61.34,Secondary angle closure glaucoma due to epithelial ingrowth,Diagnosis,N/A,,,
c40cc1af-192c-4f6f-9231-05276c7e8c79,,ICD-11-WHO:9C61.36,Secondary angle closure glaucoma due to other anterior displacement of the lens-iris diaphragm (Eye diagnosis),Secondary angle closure glaucoma due to other anterior displacement of the lens-iris diaphragm - ICD-11-WHO:9C61.36,Secondary angle closure glaucoma due to other anterior displacement of the lens-iris diaphragm,Diagnosis,N/A,,,
cb506b6a-19c1-44c6-bbf0-0ad66ce13256,,ICD-11-WHO:9C61.3Y,Other specified secondary angle closure glaucoma (Eye diagnosis),Other specified secondary angle closure glaucoma - ICD-11-WHO:9C61.3Y,Other specified secondary angle closure glaucoma,Diagnosis,N/A,,,
cf4b5576-2c44-4717-a560-17dc5af63283,,ICD-11-WHO:9C61.3Z,Secondary angle closure glaucoma unspecified (Eye diagnosis),Secondary angle closure glaucoma unspecified - ICD-11-WHO:9C61.3Z,Secondary angle closure glaucoma unspecified,Diagnosis,N/A,,,
42588b97-d644-4a9a-af61-c493b9463734,,ICD-11-WHO:9C61.4,Developmental glaucoma (Eye diagnosis),Developmental glaucoma - ICD-11-WHO:9C61.4,Developmental glaucoma,Diagnosis,N/A,,,
f0d6db44-4367-4094-b5c0-ed280dd34d4c,,ICD-11-WHO:9C61.40,Primary congenital glaucoma (Eye diagnosis),Primary congenital glaucoma - ICD-11-WHO:9C61.40,Primary congenital glaucoma,Diagnosis,N/A,,,
1589f130-b3ec-4028-8e83-b6ece79f32d1,,ICD-11-WHO:9C61.41,Primary infantile glaucoma (Eye diagnosis),Primary infantile glaucoma - ICD-11-WHO:9C61.41,Primary infantile glaucoma,Diagnosis,N/A,,,
a9b28f69-9d8d-4279-97ef-390fb5e645d9,,ICD-11-WHO:9C61.42,Secondary childhood glaucoma (Eye diagnosis),Secondary childhood glaucoma - ICD-11-WHO:9C61.42,Secondary childhood glaucoma,Diagnosis,N/A,,,
6e927c25-6c0b-4b29-b25f-846f19fdf338,,ICD-11-WHO:9C61.4Y,Other specified developmental glaucoma (Eye diagnosis),Other specified developmental glaucoma - ICD-11-WHO:9C61.4Y,Other specified developmental glaucoma,Diagnosis,N/A,,,
c1991b7d-b4e6-4085-8a96-935215246c39,,ICD-11-WHO:9C61.4Z,Developmental glaucoma unspecified (Eye diagnosis),Developmental glaucoma unspecified - ICD-11-WHO:9C61.4Z,Developmental glaucoma unspecified,Diagnosis,N/A,,,
8fab38d9-a435-478f-98c1-225f2ac9bbba,,ICD-11-WHO:9C61.Z,Glaucoma unspecified (Eye diagnosis),Glaucoma unspecified - ICD-11-WHO:9C61.Z,Glaucoma unspecified,Diagnosis,N/A,,,
27c39192-41c6-4536-a604-3bd17cad6b98,,ICD-11-WHO:9C6Y,Other specified glaucoma or glaucoma suspect (Eye diagnosis),Other specified glaucoma or glaucoma suspect - ICD-11-WHO:9C6Y,Other specified glaucoma or glaucoma suspect,Diagnosis,N/A,,,
227b08e2-4803-4586-9e5f-af77280ebc17,,ICD-11-WHO:9C6Z,Glaucoma or glaucoma suspect unspecified (Eye diagnosis),Glaucoma or glaucoma suspect unspecified - ICD-11-WHO:9C6Z,Glaucoma or glaucoma suspect unspecified,Diagnosis,N/A,,,
4f26810f-05dc-4cc1-9924-33af5500dc7c,,ICD-11-WHO:9C80,Non paralytic strabismus (Eye diagnosis),Non paralytic strabismus - ICD-11-WHO:9C80,Non paralytic strabismus,Diagnosis,N/A,,,
df2a674d-014b-438e-bcea-cab7fc62c179,,ICD-11-WHO:9C80.2,Vertical or torsional strabismus (Eye diagnosis),Vertical or torsional strabismus - ICD-11-WHO:9C80.2,Vertical or torsional strabismus,Diagnosis,N/A,,,
5060f4db-7e04-49bd-9ceb-14e868a9cc03,,ICD-11-WHO:9C80.3,Intermittent strabismus (Eye diagnosis),Intermittent strabismus - ICD-11-WHO:9C80.3,Intermittent strabismus,Diagnosis,N/A,,,
7aa5740c-6b1c-40a9-ab37-b8978add758d,,ICD-11-WHO:9C80.30,Intermittent divergent exotropia (Eye diagnosis),Intermittent divergent exotropia - ICD-11-WHO:9C80.30,Intermittent divergent exotropia,Diagnosis,N/A,,,
f265d65e-20e2-4527-9c2f-7e3bf146212d,,ICD-11-WHO:9C80.31,Intermittent convergent esotropia (Eye diagnosis),Intermittent convergent esotropia - ICD-11-WHO:9C80.31,Intermittent convergent esotropia,Diagnosis,N/A,,,
59c39191-8e2e-4c6c-b61b-887092a3a82d,,ICD-11-WHO:9C80.3Y,Other specified intermittent strabismus (Eye diagnosis),Other specified intermittent strabismus - ICD-11-WHO:9C80.3Y,Other specified intermittent strabismus,Diagnosis,N/A,,,
295cd1ec-531d-4e31-bed4-7ef593c75217,,ICD-11-WHO:9C80.3Z,Intermittent strabismus unspecified (Eye diagnosis),Intermittent strabismus unspecified - ICD-11-WHO:9C80.3Z,Intermittent strabismus unspecified,Diagnosis,N/A,,,
c9fbf399-61a6-44bc-8996-8036a4d9012e,,ICD-11-WHO:9C80.4,Heterophoria (Eye diagnosis),Heterophoria - ICD-11-WHO:9C80.4,Heterophoria,Diagnosis,N/A,,,
a9cf9d14-61f9-4646-9fa6-fb527d776308,,ICD-11-WHO:9C80.Y,Other specified non paralytic strabismus (Eye diagnosis),Other specified non paralytic strabismus - ICD-11-WHO:9C80.Y,Other specified non paralytic strabismus,Diagnosis,N/A,,,
d908f355-4810-48d5-9709-084950e55e3f,,ICD-11-WHO:9C80.Z,Non paralytic strabismus unspecified (Eye diagnosis),Non paralytic strabismus unspecified - ICD-11-WHO:9C80.Z,Non paralytic strabismus unspecified,Diagnosis,N/A,,,
934849eb-bd9d-4cd4-9be2-bcdd679aa226,,ICD-11-WHO:9C81,Ocular motor nerve palsies (Eye diagnosis),Ocular motor nerve palsies - ICD-11-WHO:9C81,Ocular motor nerve palsies,Diagnosis,N/A,,,
0593c5f3-7c2a-43e1-920a-8ad7ae2ae904,,ICD-11-WHO:9C81.0,Third nerve palsy (Eye diagnosis),Third nerve palsy - ICD-11-WHO:9C81.0,Third nerve palsy,Diagnosis,N/A,,,
fbcad80f-84e8-4178-a489-e1ce84c38a7d,,ICD-11-WHO:9C81.00,External bilateral paralysis of oculomotor nerve (Eye diagnosis),External bilateral paralysis of oculomotor nerve - ICD-11-WHO:9C81.00,External bilateral paralysis of oculomotor nerve,Diagnosis,N/A,,,
3b1f27c8-943f-4f1b-a981-c9e69d6ec0af,,ICD-11-WHO:9C81.0Y,Other specified third nerve palsy (Eye diagnosis),Other specified third nerve palsy - ICD-11-WHO:9C81.0Y,Other specified third nerve palsy,Diagnosis,N/A,,,
92c3257e-d157-450e-b749-0a5c0df2255a,,ICD-11-WHO:9C81.0Z,Third nerve palsy unspecified (Eye diagnosis),Third nerve palsy unspecified - ICD-11-WHO:9C81.0Z,Third nerve palsy unspecified,Diagnosis,N/A,,,
bc025fdd-070b-4895-9d48-d64ed02660c7,,ICD-11-WHO:9C81.2,Sixth nerve palsy (Eye diagnosis),Sixth nerve palsy - ICD-11-WHO:9C81.2,Sixth nerve palsy,Diagnosis,N/A,,,
9ce3abc6-0290-4606-81fe-c21d9ae094a4,,ICD-11-WHO:9C81.3,Total external ophthalmoplegia (Eye diagnosis),Total external ophthalmoplegia - ICD-11-WHO:9C81.3,Total external ophthalmoplegia,Diagnosis,N/A,,,
b0c5bf46-34a5-4bc0-ac77-ffda0a708a2f,,ICD-11-WHO:9C81.4,Cavernous sinus syndromes (Eye diagnosis),Cavernous sinus syndromes - ICD-11-WHO:9C81.4,Cavernous sinus syndromes,Diagnosis,N/A,,,
734b5821-0dcb-4f68-aca7-11088aeebc1e,,ICD-11-WHO:9C81.Y,Palsy of other specified ocular motor nerve (Eye diagnosis),Palsy of other specified ocular motor nerve - ICD-11-WHO:9C81.Y,Palsy of other specified ocular motor nerve,Diagnosis,N/A,,,
428b33ad-fe45-484f-9e97-3dc4c3e77a87,,ICD-11-WHO:9C81.Z,Palsy of unspecified ocular motor nerve (Eye diagnosis),Palsy of unspecified ocular motor nerve - ICD-11-WHO:9C81.Z,Palsy of unspecified ocular motor nerve,Diagnosis,N/A,,,
d4c92aab-d003-4e61-af51-27ec4e9b0894,,ICD-11-WHO:9C82,Disorders of extraocular muscles (Eye diagnosis),Disorders of extraocular muscles - ICD-11-WHO:9C82,Disorders of extraocular muscles,Diagnosis,N/A,,,
4003d2ed-49d6-45e4-a850-90496c30c7a9,,ICD-11-WHO:9C82.1,Muscular dystrophy affecting extraocular muscle (Eye diagnosis),Muscular dystrophy affecting extraocular muscle - ICD-11-WHO:9C82.1,Muscular dystrophy affecting extraocular muscle,Diagnosis,N/A,,,
0d2f4298-5c19-4f2d-91aa-aafe123d1676,,ICD-11-WHO:9C82.2,Congenital cranial dysinnervation syndrome (Eye diagnosis),Congenital cranial dysinnervation syndrome - ICD-11-WHO:9C82.2,Congenital cranial dysinnervation syndrome,Diagnosis,N/A,,,
1cdd5d3f-6187-4eb1-a856-09257cc8ef00,,ICD-11-WHO:9C82.3,Restrictive ophthalmopathy (Eye diagnosis),Restrictive ophthalmopathy - ICD-11-WHO:9C82.3,Restrictive ophthalmopathy,Diagnosis,N/A,,,
79292086-03ed-4423-8a68-dc9b2965434c,,ICD-11-WHO:9C82.Y,Other specified disorders of extraocular muscles (Eye diagnosis),Other specified disorders of extraocular muscles - ICD-11-WHO:9C82.Y,Other specified disorders of extraocular muscles,Diagnosis,N/A,,,
152ae8b2-3c92-4d87-8400-4a614d7d9303,,ICD-11-WHO:9C82.Z,Disorders of extraocular muscles unspecified (Eye diagnosis),Disorders of extraocular muscles unspecified - ICD-11-WHO:9C82.Z,Disorders of extraocular muscles unspecified,Diagnosis,N/A,,,
3426f351-92d1-4627-a55d-9dd94cfe0d4d,,ICD-11-WHO:9C83,Disorders of binocular movement (Eye diagnosis),Disorders of binocular movement - ICD-11-WHO:9C83,Disorders of binocular movement,Diagnosis,N/A,,,
c89c111f-cbb6-4063-a4de-fac291322095,,ICD-11-WHO:9C83.0,Palsy of conjugate gaze (Eye diagnosis),Palsy of conjugate gaze - ICD-11-WHO:9C83.0,Palsy of conjugate gaze,Diagnosis,N/A,,,
784940d7-cd98-45c3-98c9-e231c5a1bf23,,ICD-11-WHO:9C83.00,Horizontal gaze palsy (Eye diagnosis),Horizontal gaze palsy - ICD-11-WHO:9C83.00,Horizontal gaze palsy,Diagnosis,N/A,,,
c6749e25-350e-4c73-83d1-4acbb54a56ec,,ICD-11-WHO:9C83.01,Vertical gaze palsy (Eye diagnosis),Vertical gaze palsy - ICD-11-WHO:9C83.01,Vertical gaze palsy,Diagnosis,N/A,,,
8665cc71-6257-4a25-aee2-8b24ae1409ca,,ICD-11-WHO:9C83.02,Monocular elevator palsy (Eye diagnosis),Monocular elevator palsy - ICD-11-WHO:9C83.02,Monocular elevator palsy,Diagnosis,N/A,,,
157d893e-c12d-4f38-9067-38fb0b04de6d,,ICD-11-WHO:9C83.0Y,Other specified palsy of conjugate gaze (Eye diagnosis),Other specified palsy of conjugate gaze - ICD-11-WHO:9C83.0Y,Other specified palsy of conjugate gaze,Diagnosis,N/A,,,
40c72b51-3247-4a8c-a7ea-b297d68b7b50,,ICD-11-WHO:9C83.0Z,Palsy of conjugate gaze unspecified (Eye diagnosis),Palsy of conjugate gaze unspecified - ICD-11-WHO:9C83.0Z,Palsy of conjugate gaze unspecified,Diagnosis,N/A,,,
2cb2947c-fb76-4537-87ed-6e8bfd8b43c8,,ICD-11-WHO:9C83.10,Horizontal conjugate gaze deviation (Eye diagnosis),Horizontal conjugate gaze deviation - ICD-11-WHO:9C83.10,Horizontal conjugate gaze deviation,Diagnosis,N/A,,,
7738b727-240d-4875-99f8-b2903d5e1753,,ICD-11-WHO:9C83.11,Upward gaze deviation (Eye diagnosis),Upward gaze deviation - ICD-11-WHO:9C83.11,Upward gaze deviation,Diagnosis,N/A,,,
6f676eef-3928-4eee-9e6c-159c2c1f7ccc,,ICD-11-WHO:9C83.12,Downward gaze deviation (Eye diagnosis),Downward gaze deviation - ICD-11-WHO:9C83.12,Downward gaze deviation,Diagnosis,N/A,,,
1775504a-e105-4a7e-8025-b993c21d169f,,ICD-11-WHO:9C83.1Y,Other specified spasm of conjugate gaze (Eye diagnosis),Other specified spasm of conjugate gaze - ICD-11-WHO:9C83.1Y,Other specified spasm of conjugate gaze,Diagnosis,N/A,,,
ae4eb621-f8bc-4f61-ac06-819e34f0b819,,ICD-11-WHO:9C83.1Z,Spasm of conjugate gaze unspecified (Eye diagnosis),Spasm of conjugate gaze unspecified - ICD-11-WHO:9C83.1Z,Spasm of conjugate gaze unspecified,Diagnosis,N/A,,,
a899d968-7503-45a8-931e-d5203a459069,,ICD-11-WHO:9C83.4,Spasm of the near reflex (Eye diagnosis),Spasm of the near reflex - ICD-11-WHO:9C83.4,Spasm of the near reflex,Diagnosis,N/A,,,
5b6e5cd1-0ee4-402c-a0c7-c006bffaed2b,,ICD-11-WHO:9C83.6,Anomalies of divergence or deviation of eye movement (Eye diagnosis),Anomalies of divergence or deviation of eye movement - ICD-11-WHO:9C83.6,Anomalies of divergence or deviation of eye movement,Diagnosis,N/A,,,
a81be3a5-ce0e-40a4-a077-3620c2d1b7d3,,ICD-11-WHO:9C83.61,Divergence paralysis (Eye diagnosis),Divergence paralysis - ICD-11-WHO:9C83.61,Divergence paralysis,Diagnosis,N/A,,,
6e84b7e3-2982-4b6d-bd35-c08daa085858,,ICD-11-WHO:9C83.62,Divergence excess (Eye diagnosis),Divergence excess - ICD-11-WHO:9C83.62,Divergence excess,Diagnosis,N/A,,,
8fbaace3-2266-4094-843e-956f4a334330,,ICD-11-WHO:9C83.63,Synergistic divergence (Eye diagnosis),Synergistic divergence - ICD-11-WHO:9C83.63,Synergistic divergence,Diagnosis,N/A,,,
c9130420-47cb-4a88-a078-a00141210329,,ICD-11-WHO:9C83.65,Ocular tilt reaction (Eye diagnosis),Ocular tilt reaction - ICD-11-WHO:9C83.65,Ocular tilt reaction,Diagnosis,N/A,,,
88bdd432-e5a5-4914-af8b-0a02d6196af8,,ICD-11-WHO:9C83.66,Alternating skew deviation (Eye diagnosis),Alternating skew deviation - ICD-11-WHO:9C83.66,Alternating skew deviation,Diagnosis,N/A,,,
00853cc4-00a1-4106-8b22-e38952e6742d,,ICD-11-WHO:9C83.67,Dissociative vertical divergence (Eye diagnosis),Dissociative vertical divergence - ICD-11-WHO:9C83.67,Dissociative vertical divergence,Diagnosis,N/A,,,
7a60e0c4-f949-499e-9b24-715125e4aa5b,,ICD-11-WHO:9C83.6Y,Other specified anomalies of divergence or deviation of eye movement (Eye diagnosis),Other specified anomalies of divergence or deviation of eye movement - ICD-11-WHO:9C83.6Y,Other specified anomalies of divergence or deviation of eye movement,Diagnosis,N/A,,,
f0d184a4-7ed4-4ff9-8717-3eb685c77eff,,ICD-11-WHO:9C83.6Z,Anomalies of divergence or deviation of eye movement unspecified (Eye diagnosis),Anomalies of divergence or deviation of eye movement unspecified - ICD-11-WHO:9C83.6Z,Anomalies of divergence or deviation of eye movement unspecified,Diagnosis,N/A,,,
c62110c4-41aa-4e7a-afa5-ac19841574d8,,ICD-11-WHO:9C83.Y,Other specified disorders of binocular movement (Eye diagnosis),Other specified disorders of binocular movement - ICD-11-WHO:9C83.Y,Other specified disorders of binocular movement,Diagnosis,N/A,,,
931f12a9-8aa7-47c3-aa2d-1907846f96e7,,ICD-11-WHO:9C83.Z,Disorders of binocular movement unspecified (Eye diagnosis),Disorders of binocular movement unspecified - ICD-11-WHO:9C83.Z,Disorders of binocular movement unspecified,Diagnosis,N/A,,,
ee87dff9-069a-482e-8d00-f63b3f12669b,,ICD-11-WHO:9C84.0,Physiological nystagmus (Eye diagnosis),Physiological nystagmus - ICD-11-WHO:9C84.0,Physiological nystagmus,Diagnosis,N/A,,,
16820eb0-ceba-44ae-9837-a8863517b8bf,,ICD-11-WHO:9C84.1,Congenital forms of nystagmus (Eye diagnosis),Congenital forms of nystagmus - ICD-11-WHO:9C84.1,Congenital forms of nystagmus,Diagnosis,N/A,,,
1a82fe1b-3397-4db4-9ec6-8369827f2a5f,,ICD-11-WHO:9C84.2,Vestibular nystagmus (Eye diagnosis),Vestibular nystagmus - ICD-11-WHO:9C84.2,Vestibular nystagmus,Diagnosis,N/A,,,
def4c59b-9d78-4ca7-969d-325d0973c710,,ICD-11-WHO:9C84.20,Down beat nystagmus (Eye diagnosis),Down beat nystagmus - ICD-11-WHO:9C84.20,Down beat nystagmus,Diagnosis,N/A,,,
5a41fa9b-2122-463f-a704-739a913f9e06,,ICD-11-WHO:9C84.21,Upbeat nystagmus (Eye diagnosis),Upbeat nystagmus - ICD-11-WHO:9C84.21,Upbeat nystagmus,Diagnosis,N/A,,,
8c10af39-a14e-4605-bab6-7ab5cb0ce12e,,ICD-11-WHO:9C84.22,Torsional nystagmus (Eye diagnosis),Torsional nystagmus - ICD-11-WHO:9C84.22,Torsional nystagmus,Diagnosis,N/A,,,
050a1ee8-0f4e-4946-9dac-0e8f65d9b9f5,,ICD-11-WHO:9C84.23,Perverted nystagmus (Eye diagnosis),Perverted nystagmus - ICD-11-WHO:9C84.23,Perverted nystagmus,Diagnosis,N/A,,,
0c557577-945e-42ea-8523-ee7e9d02e4ba,,ICD-11-WHO:9C84.2Y,Other specified vestibular nystagmus (Eye diagnosis),Other specified vestibular nystagmus - ICD-11-WHO:9C84.2Y,Other specified vestibular nystagmus,Diagnosis,N/A,,,
3f249ea5-4c37-4ce0-95d4-2e0efd21674e,,ICD-11-WHO:9C84.2Z,Vestibular nystagmus unspecified (Eye diagnosis),Vestibular nystagmus unspecified - ICD-11-WHO:9C84.2Z,Vestibular nystagmus unspecified,Diagnosis,N/A,,,
62d108da-16d1-4465-b8f6-4df30db97e54,,ICD-11-WHO:9C84.3,Seesaw nystagmus (Eye diagnosis),Seesaw nystagmus - ICD-11-WHO:9C84.3,Seesaw nystagmus,Diagnosis,N/A,,,
e452a62f-f4fd-4c79-960a-d80746836399,,ICD-11-WHO:9C84.4,Gaze-evoked nystagmus (Eye diagnosis),Gaze-evoked nystagmus - ICD-11-WHO:9C84.4,Gaze-evoked nystagmus,Diagnosis,N/A,,,
e9147626-87f8-4e16-97c8-a3542a55f166,,ICD-11-WHO:9C84.5,Nystagmus occurring in visual system disorders (Eye diagnosis),Nystagmus occurring in visual system disorders - ICD-11-WHO:9C84.5,Nystagmus occurring in visual system disorders,Diagnosis,N/A,,,
dcfae583-2486-4605-b80d-a5d49b3f7e63,,ICD-11-WHO:9C84.51,Divergence nystagmus (Eye diagnosis),Divergence nystagmus - ICD-11-WHO:9C84.51,Divergence nystagmus,Diagnosis,N/A,,,
2bd2bca8-3639-44f8-a993-cef960d31f20,,ICD-11-WHO:9C84.52,Convergence-retraction nystagmus (Eye diagnosis),Convergence-retraction nystagmus - ICD-11-WHO:9C84.52,Convergence-retraction nystagmus,Diagnosis,N/A,,,
0b947376-9c47-4da8-88df-e100a57366a3,,ICD-11-WHO:9C84.5Y,Other specified nystagmus occurring in visual system disorders (Eye diagnosis),Other specified nystagmus occurring in visual system disorders - ICD-11-WHO:9C84.5Y,Other specified nystagmus occurring in visual system disorders,Diagnosis,N/A,,,
8f236448-afbe-4eb6-848e-ac9a695f33e1,,ICD-11-WHO:9C84.5Z,Nystagmus occurring in visual system disorders unspecified (Eye diagnosis),Nystagmus occurring in visual system disorders unspecified - ICD-11-WHO:9C84.5Z,Nystagmus occurring in visual system disorders unspecified,Diagnosis,N/A,,,
ebe322ab-8cc4-45cc-b8ac-60440aacf102,,ICD-11-WHO:9C84.6,Eyelid nystagmus (Eye diagnosis),Eyelid nystagmus - ICD-11-WHO:9C84.6,Eyelid nystagmus,Diagnosis,N/A,,,
2ee7c28d-2c3d-4b6a-8fb6-9be3c31cdc97,,ICD-11-WHO:9C84.Y,Other specified nystagmus (Eye diagnosis),Other specified nystagmus - ICD-11-WHO:9C84.Y,Other specified nystagmus,Diagnosis,N/A,,,
753ddabb-79a1-4c4a-a6e5-d47f96edfd32,,ICD-11-WHO:9C84.Z,Nystagmus unspecified (Eye diagnosis),Nystagmus unspecified - ICD-11-WHO:9C84.Z,Nystagmus unspecified,Diagnosis,N/A,,,
d52c2778-3bca-41ef-808a-a69beb4df52a,,ICD-11-WHO:9C85,Certain specified irregular eye movements (Eye diagnosis),Certain specified irregular eye movements - ICD-11-WHO:9C85,Certain specified irregular eye movements,Diagnosis,N/A,,,
ccd92d58-995f-41b2-b026-b61769588723,,ICD-11-WHO:9C85.0,Anomalies of saccadic eye movements (Eye diagnosis),Anomalies of saccadic eye movements - ICD-11-WHO:9C85.0,Anomalies of saccadic eye movements,Diagnosis,N/A,,,
5c93f8d7-f4e7-4f8f-9df7-9467390957f0,,ICD-11-WHO:9C85.00,Disorders of the saccadic pulse (Eye diagnosis),Disorders of the saccadic pulse - ICD-11-WHO:9C85.00,Disorders of the saccadic pulse,Diagnosis,N/A,,,
7dbe3185-c760-4617-b2fd-bc2cc210dfe9,,ICD-11-WHO:9C85.01,Disorders of the saccadic step (Eye diagnosis),Disorders of the saccadic step - ICD-11-WHO:9C85.01,Disorders of the saccadic step,Diagnosis,N/A,,,
74dfa57c-b5b6-42e5-8d73-8d89a118494a,,ICD-11-WHO:9C85.02,Inappropriate saccades (Eye diagnosis),Inappropriate saccades - ICD-11-WHO:9C85.02,Inappropriate saccades,Diagnosis,N/A,,,
dc70264e-f1ed-4941-ae7e-a1599c0e34eb,,ICD-11-WHO:9C85.0Y,Other specified anomalies of saccadic eye movements (Eye diagnosis),Other specified anomalies of saccadic eye movements - ICD-11-WHO:9C85.0Y,Other specified anomalies of saccadic eye movements,Diagnosis,N/A,,,
64a09b8c-8c14-4abb-8e64-35d1244a572c,,ICD-11-WHO:9C85.0Z,Anomalies of saccadic eye movements unspecified (Eye diagnosis),Anomalies of saccadic eye movements unspecified - ICD-11-WHO:9C85.0Z,Anomalies of saccadic eye movements unspecified,Diagnosis,N/A,,,
ad5d6321-30ab-484d-a036-27c38b5d8421,,ICD-11-WHO:9C85.1,Anomalies of smooth pursuit movements (Eye diagnosis),Anomalies of smooth pursuit movements - ICD-11-WHO:9C85.1,Anomalies of smooth pursuit movements,Diagnosis,N/A,,,
5d486622-a34e-4d39-9428-14282c35a0b8,,ICD-11-WHO:9C85.2,Nonorganic eye movement disorders (Eye diagnosis),Nonorganic eye movement disorders - ICD-11-WHO:9C85.2,Nonorganic eye movement disorders,Diagnosis,N/A,,,
9ce1930d-81f0-44db-b79f-e87ddc127296,,ICD-11-WHO:9C85.Y,Other specified irregular eye movements (Eye diagnosis),Other specified irregular eye movements - ICD-11-WHO:9C85.Y,Other specified irregular eye movements,Diagnosis,N/A,,,
0239d535-a7da-453a-8c16-4be10032601d,,ICD-11-WHO:9C85.Z,Irregular eye movements unspecified (Eye diagnosis),Irregular eye movements unspecified - ICD-11-WHO:9C85.Z,Irregular eye movements unspecified,Diagnosis,N/A,,,
8b9358cc-853f-4912-9454-992f57604715,,ICD-11-WHO:9C8Y,Other specified strabismus or ocular motility disorders (Eye diagnosis),Other specified strabismus or ocular motility disorders - ICD-11-WHO:9C8Y,Other specified strabismus or ocular motility disorders,Diagnosis,N/A,,,
8bca1801-784e-4e79-a9a0-318870c90f33,,ICD-11-WHO:9C8Z,Strabismus or ocular motility disorders unspecified (Eye diagnosis),Strabismus or ocular motility disorders unspecified - ICD-11-WHO:9C8Z,Strabismus or ocular motility disorders unspecified,Diagnosis,N/A,,,
a5b60c70-f28b-497d-8b3e-91fcf7d01fd6,,ICD-11-WHO:9D00,Disorders of refraction (Eye diagnosis),Disorders of refraction - ICD-11-WHO:9D00,Disorders of refraction,Diagnosis,N/A,,,
a10579a2-e3a5-4cb9-8a0a-66cd466ccbe7,,ICD-11-WHO:9D00.Y,Other specified disorders of refraction (Eye diagnosis),Other specified disorders of refraction - ICD-11-WHO:9D00.Y,Other specified disorders of refraction,Diagnosis,N/A,,,
e0a15d89-2588-4759-9cb1-c10ae60f0ab5,,ICD-11-WHO:9D00.Z,Disorders of refraction unspecified (Eye diagnosis),Disorders of refraction unspecified - ICD-11-WHO:9D00.Z,Disorders of refraction unspecified,Diagnosis,N/A,,,
4ed08cc2-001b-4670-9ae4-eb12dfdda4e7,,ICD-11-WHO:9D01,Disorders of accommodation (Eye diagnosis),Disorders of accommodation - ICD-11-WHO:9D01,Disorders of accommodation,Diagnosis,N/A,,,
78f2c9ae-4176-4313-a7ad-9c3cff5f8e26,,ICD-11-WHO:9D01.2,Spasm of accommodation (Eye diagnosis),Spasm of accommodation - ICD-11-WHO:9D01.2,Spasm of accommodation,Diagnosis,N/A,,,
955d15ad-9ba3-4a27-b78e-6f83a422ac12,,ICD-11-WHO:9D01.Y,Other specified disorders of accommodation (Eye diagnosis),Other specified disorders of accommodation - ICD-11-WHO:9D01.Y,Other specified disorders of accommodation,Diagnosis,N/A,,,
6db0813a-3fc0-4041-baf8-084076719e52,,ICD-11-WHO:9D01.Z,Disorders of accommodation unspecified (Eye diagnosis),Disorders of accommodation unspecified - ICD-11-WHO:9D01.Z,Disorders of accommodation unspecified,Diagnosis,N/A,,,
07b9d52c-2739-4704-8da4-907a5326854e,,ICD-11-WHO:9D0Y,Other specified disorders of refraction or accommodation (Eye diagnosis),Other specified disorders of refraction or accommodation - ICD-11-WHO:9D0Y,Other specified disorders of refraction or accommodation,Diagnosis,N/A,,,
54f673c6-3113-4de5-969b-8ed128702073,,ICD-11-WHO:9D0Z,Disorders of refraction or accommodation unspecified (Eye diagnosis),Disorders of refraction or accommodation unspecified - ICD-11-WHO:9D0Z,Disorders of refraction or accommodation unspecified,Diagnosis,N/A,,,
f339f0ec-4c65-4144-92b3-0f99bdfce5fb,,ICD-11-WHO:9D20,Bullous aphakic keratopathy following cataract surgery (Eye diagnosis),Bullous aphakic keratopathy following cataract surgery - ICD-11-WHO:9D20,Bullous aphakic keratopathy following cataract surgery,Diagnosis,N/A,,,
45e6b741-5108-4214-8586-c3bb8d1ab2f3,,ICD-11-WHO:9D21,Cataract lens fragments in eye following cataract surgery (Eye diagnosis),Cataract lens fragments in eye following cataract surgery - ICD-11-WHO:9D21,Cataract lens fragments in eye following cataract surgery,Diagnosis,N/A,,,
ae8d642f-cbef-406b-9364-9012c9f009d5,,ICD-11-WHO:9D22,Chorioretinal scars after surgery for detachment (Eye diagnosis),Chorioretinal scars after surgery for detachment - ICD-11-WHO:9D22,Chorioretinal scars after surgery for detachment,Diagnosis,N/A,,,
86d9eaf3-2fd2-492e-90b1-dfaaf5bee086,,ICD-11-WHO:9D23,Conjunctival blebitis after glaucoma surgery (Eye diagnosis),Conjunctival blebitis after glaucoma surgery - ICD-11-WHO:9D23,Conjunctival blebitis after glaucoma surgery,Diagnosis,N/A,,,
7cd7cff9-f03b-4528-9864-5ddd8b9a79cf,,ICD-11-WHO:9D24,Complications with glaucoma drainage devices (Eye diagnosis),Complications with glaucoma drainage devices - ICD-11-WHO:9D24,Complications with glaucoma drainage devices,Diagnosis,N/A,,,
0d051284-2116-4ec7-ac39-d62511dada95,,ICD-11-WHO:9D25,Glaucoma due to ocular surgery or laser (Eye diagnosis),Glaucoma due to ocular surgery or laser - ICD-11-WHO:9D25,Glaucoma due to ocular surgery or laser,Diagnosis,N/A,,,
c2922756-3a1f-4655-9799-45fb41606c77,,ICD-11-WHO:9D40,Impairment of visual acuity (Eye diagnosis),Impairment of visual acuity - ICD-11-WHO:9D40,Impairment of visual acuity,Diagnosis,N/A,,,
3f52a213-e532-4868-8fc5-444a1ced2469,,ICD-11-WHO:9D41,Impairment of visual field (Eye diagnosis),Impairment of visual field - ICD-11-WHO:9D41,Impairment of visual field,Diagnosis,N/A,,,
8c71d463-eeb4-455a-a943-2c732fbd1ad0,,ICD-11-WHO:9D42,Patterns of visual field impairment (Eye diagnosis),Patterns of visual field impairment - ICD-11-WHO:9D42,Patterns of visual field impairment,Diagnosis,N/A,,,
10355034-5768-4f99-82ba-f61433e98495,,ICD-11-WHO:9D42.0,Visual field loss pattern not specified (Eye diagnosis),Visual field loss pattern not specified - ICD-11-WHO:9D42.0,Visual field loss pattern not specified,Diagnosis,N/A,,,
9a2d3b5d-47b8-417b-a65d-ebce3aba475a,,ICD-11-WHO:9D42.1,Normal Visual Field (Eye diagnosis),Normal Visual Field - ICD-11-WHO:9D42.1,Normal Visual Field,Diagnosis,N/A,,,
f75f9c51-3ae9-45ca-b0e6-4402ac6c8285,,ICD-11-WHO:9D42.2,Peripheral field deficit (Eye diagnosis),Peripheral field deficit - ICD-11-WHO:9D42.2,Peripheral field deficit,Diagnosis,N/A,,,
7fc3d62e-a1c9-4cd1-a518-e394d3bb62aa,,ICD-11-WHO:9D42.22,Nasal step (Eye diagnosis),Nasal step - ICD-11-WHO:9D42.22,Nasal step,Diagnosis,N/A,,,
75b1ee9a-3f0f-435e-87a1-1d7efbf50763,,ICD-11-WHO:9D42.24,Isolated peripheral scotoma (Eye diagnosis),Isolated peripheral scotoma - ICD-11-WHO:9D42.24,Isolated peripheral scotoma,Diagnosis,N/A,,,
e09545bf-ef5f-4025-a988-ee82a4163953,,ICD-11-WHO:9D42.2Y,Other specified peripheral field deficit (Eye diagnosis),Other specified peripheral field deficit - ICD-11-WHO:9D42.2Y,Other specified peripheral field deficit,Diagnosis,N/A,,,
3059329a-5e98-4502-947e-62f4987e49b4,,ICD-11-WHO:9D42.2Z,Peripheral field deficit unspecified (Eye diagnosis),Peripheral field deficit unspecified - ICD-11-WHO:9D42.2Z,Peripheral field deficit unspecified,Diagnosis,N/A,,,
9fdd5521-75fc-420e-bd62-b3b37cbb0db8,,ICD-11-WHO:9D42.3,Hemianopic or quadrantic loss (Eye diagnosis),Hemianopic or quadrantic loss - ICD-11-WHO:9D42.3,Hemianopic or quadrantic loss,Diagnosis,N/A,,,
b0d5ab82-d999-48a3-b6f7-3cf2bc88ef91,,ICD-11-WHO:9D42.4,Central scotoma (Eye diagnosis),Central scotoma - ICD-11-WHO:9D42.4,Central scotoma,Diagnosis,N/A,,,
e63c27fc-801a-40d2-871a-8d7b3a813ce6,,ICD-11-WHO:9D42.5,Para-central scotoma (Eye diagnosis),Para-central scotoma - ICD-11-WHO:9D42.5,Para-central scotoma,Diagnosis,N/A,,,
89f801d9-1eb0-4bb7-b127-9af617443f1c,,ICD-11-WHO:9D42.6,Homonymous hemianopia or quadrant anopia (Eye diagnosis),Homonymous hemianopia or quadrant anopia - ICD-11-WHO:9D42.6,Homonymous hemianopia or quadrant anopia,Diagnosis,N/A,,,
2cfa48e6-3cc2-4af3-a268-d6b18a4f038d,,ICD-11-WHO:9D42.60,Right hemi-field homonymous hemianopia or quadrant anopia (Eye diagnosis),Right hemi-field homonymous hemianopia or quadrant anopia - ICD-11-WHO:9D42.60,Right hemi-field homonymous hemianopia or quadrant anopia,Diagnosis,N/A,,,
a7960906-4d06-43a1-b1e8-ea164ba774eb,,ICD-11-WHO:9D42.61,Left hemi-field homonymous hemianopia or quadrant anopia (Eye diagnosis),Left hemi-field homonymous hemianopia or quadrant anopia - ICD-11-WHO:9D42.61,Left hemi-field homonymous hemianopia or quadrant anopia,Diagnosis,N/A,,,
1113b5e3-b563-4c29-96e8-d4b63543ea55,,ICD-11-WHO:9D42.6Y,Other specified homonymous hemianopia or quadrant anopia (Eye diagnosis),Other specified homonymous hemianopia or quadrant anopia - ICD-11-WHO:9D42.6Y,Other specified homonymous hemianopia or quadrant anopia,Diagnosis,N/A,,,
f607679c-3c2b-4db1-b1fc-563e642ff600,,ICD-11-WHO:9D42.6Z,Homonymous hemianopia or quadrant anopia unspecified (Eye diagnosis),Homonymous hemianopia or quadrant anopia unspecified - ICD-11-WHO:9D42.6Z,Homonymous hemianopia or quadrant anopia unspecified,Diagnosis,N/A,,,
9c9146a8-83ec-4dcb-809c-09d01fc6975a,,ICD-11-WHO:9D42.7,Heteronymous hemianopia or quadrant anopia (Eye diagnosis),Heteronymous hemianopia or quadrant anopia - ICD-11-WHO:9D42.7,Heteronymous hemianopia or quadrant anopia,Diagnosis,N/A,,,
cc788267-cb7d-4c19-83b9-4d28c42e033f,,ICD-11-WHO:9D42.70,Bi-nasal defects heteronymous hemianopia or quadrant anopia (Eye diagnosis),Bi-nasal defects heteronymous hemianopia or quadrant anopia - ICD-11-WHO:9D42.70,Bi-nasal defects heteronymous hemianopia or quadrant anopia,Diagnosis,N/A,,,
7e172569-c9bf-4a7a-a467-859ddda8117a,,ICD-11-WHO:9D42.71,Bi-temporal defects heteronymous hemianopia or quadrant anopia (Eye diagnosis),Bi-temporal defects heteronymous hemianopia or quadrant anopia - ICD-11-WHO:9D42.71,Bi-temporal defects heteronymous hemianopia or quadrant anopia,Diagnosis,N/A,,,
50b25dca-3970-49bb-b38a-7792b6ab8f07,,ICD-11-WHO:9D42.7Y,Other specified heteronymous hemianopia or quadrant anopia (Eye diagnosis),Other specified heteronymous hemianopia or quadrant anopia - ICD-11-WHO:9D42.7Y,Other specified heteronymous hemianopia or quadrant anopia,Diagnosis,N/A,,,
fca31784-3448-4494-9278-945d9ac6c5e0,,ICD-11-WHO:9D42.7Z,Heteronymous hemianopia or quadrant anopia unspecified (Eye diagnosis),Heteronymous hemianopia or quadrant anopia unspecified - ICD-11-WHO:9D42.7Z,Heteronymous hemianopia or quadrant anopia unspecified,Diagnosis,N/A,,,
d7d325e6-904f-409a-9bfa-27dbcfc1ec8e,,ICD-11-WHO:9D42.8,Visual field loss other specified forms (Eye diagnosis),Visual field loss other specified forms - ICD-11-WHO:9D42.8,Visual field loss other specified forms,Diagnosis,N/A,,,
169f3c16-43c5-407e-8238-29f306378e28,,ICD-11-WHO:9D42.Y,Other specified patterns of visual field impairment (Eye diagnosis),Other specified patterns of visual field impairment - ICD-11-WHO:9D42.Y,Other specified patterns of visual field impairment,Diagnosis,N/A,,,
71914695-8404-46bf-a9af-ebb40bf1ef95,,ICD-11-WHO:9D42.Z,Patterns of visual field impairment unspecified (Eye diagnosis),Patterns of visual field impairment unspecified - ICD-11-WHO:9D42.Z,Patterns of visual field impairment unspecified,Diagnosis,N/A,,,
50c90282-c75c-4166-b516-08dbc69746cc,,ICD-11-WHO:9D43,Impairment of contrast vision (Eye diagnosis),Impairment of contrast vision - ICD-11-WHO:9D43,Impairment of contrast vision,Diagnosis,N/A,,,
cbcdf483-b2d0-40eb-a42e-e291138e79b4,,ICD-11-WHO:9D44,Impairment of colour vision (Eye diagnosis),Impairment of colour vision - ICD-11-WHO:9D44,Impairment of colour vision,Diagnosis,N/A,,,
66c409fa-815d-4847-a245-bfa92e08b51e,,ICD-11-WHO:9D45,Impairment of light sensitivity (Eye diagnosis),Impairment of light sensitivity - ICD-11-WHO:9D45,Impairment of light sensitivity,Diagnosis,N/A,,,
c94397f0-6ed3-4a0c-936a-dbcb62844e00,,ICD-11-WHO:9D46,Impairment of binocular functions (Eye diagnosis),Impairment of binocular functions - ICD-11-WHO:9D46,Impairment of binocular functions,Diagnosis,N/A,,,
a48472bb-cde0-4e6b-a88c-1ab832a39823,,ICD-11-WHO:9D52,Hemifield losses (Eye diagnosis),Hemifield losses - ICD-11-WHO:9D52,Hemifield losses,Diagnosis,N/A,,,
a0ec028f-49cc-495b-94f6-747efe8eeeaf,,ICD-11-WHO:9D53,Entoptic phenomena (Eye diagnosis),Entoptic phenomena - ICD-11-WHO:9D53,Entoptic phenomena,Diagnosis,N/A,,,
5395d1a8-3b6e-4577-9f06-0bbfc893fd6d,,ICD-11-WHO:9D54,Visual illusions (Eye diagnosis),Visual illusions - ICD-11-WHO:9D54,Visual illusions,Diagnosis,N/A,,,
8a753418-d53f-4b42-83f6-a92c5cc1948f,,ICD-11-WHO:9D55,Nonorganic visual loss (Eye diagnosis),Nonorganic visual loss - ICD-11-WHO:9D55,Nonorganic visual loss,Diagnosis,N/A,,,
6f7bb5ea-c427-4ac8-b2db-a00cbb82eaff,,ICD-11-WHO:9D56,Visual release hallucinations (Eye diagnosis),Visual release hallucinations - ICD-11-WHO:9D56,Visual release hallucinations,Diagnosis,N/A,,,
c6e5276a-d2f3-4004-950c-a7eca0bd64ae,,ICD-11-WHO:9D5Y,Other specified subjective visual experiences (Eye diagnosis),Other specified subjective visual experiences - ICD-11-WHO:9D5Y,Other specified subjective visual experiences,Diagnosis,N/A,,,
73a78b66-9e66-4e10-a6db-e8a13cc69a01,,ICD-11-WHO:9D5Z,Subjective visual experiences unspecified (Eye diagnosis),Subjective visual experiences unspecified - ICD-11-WHO:9D5Z,Subjective visual experiences unspecified,Diagnosis,N/A,,,
97ebad5d-536e-49d2-8fe2-f717a5372d11,,ICD-11-WHO:9D7Y,Other specified impairment of visual functions (Eye diagnosis),Other specified impairment of visual functions - ICD-11-WHO:9D7Y,Other specified impairment of visual functions,Diagnosis,N/A,,,
eecccf21-e484-4692-9fde-bd86ae5a429e,,ICD-11-WHO:9D7Z,Impairment of visual functions unspecified (Eye diagnosis),Impairment of visual functions unspecified - ICD-11-WHO:9D7Z,Impairment of visual functions unspecified,Diagnosis,N/A,,,
7a82beab-ea9b-4f75-a46c-4bb0d8f78633,,ICD-11-WHO:9D90,Vision impairment including blindness (Eye diagnosis),Vision impairment including blindness - ICD-11-WHO:9D90,Vision impairment including blindness,Diagnosis,N/A,,,
9d20814d-42f7-463a-95b0-cb2de77dc366,,ICD-11-WHO:9D90.0,No vision impairment (Eye diagnosis),No vision impairment - ICD-11-WHO:9D90.0,No vision impairment,Diagnosis,N/A,,,
f0794420-9208-450c-8b67-be4cd2da2943,,ICD-11-WHO:9D90.1,Mild vision impairment (Eye diagnosis),Mild vision impairment - ICD-11-WHO:9D90.1,Mild vision impairment,Diagnosis,N/A,,,
9ccb3a61-fdd3-4e95-b524-8356b4de4cf7,,ICD-11-WHO:9D90.2,Moderate vision impairment (Eye diagnosis),Moderate vision impairment - ICD-11-WHO:9D90.2,Moderate vision impairment,Diagnosis,N/A,,,
503796cb-4e82-4e06-b5aa-6ba593e03db7,,ICD-11-WHO:9D90.3,Severe vision impairment (Eye diagnosis),Severe vision impairment - ICD-11-WHO:9D90.3,Severe vision impairment,Diagnosis,N/A,,,
2dfce63b-1d17-4a61-97a4-10d3c6c1a3cd,,ICD-11-WHO:9D90.4,Blindness binocular (Eye diagnosis),Blindness binocular - ICD-11-WHO:9D90.4,Blindness binocular,Diagnosis,N/A,,,
646e6f33-6ee8-4c58-9c0b-a8d64dbb1483,,ICD-11-WHO:9D90.5,Blindness monocular (Eye diagnosis),Blindness monocular - ICD-11-WHO:9D90.5,Blindness monocular,Diagnosis,N/A,,,
bcc329ec-2173-4e2f-b66d-9c8a8c649aae,,ICD-11-WHO:9D90.Y,Other specified vision impairment including blindness (Eye diagnosis),Other specified vision impairment including blindness - ICD-11-WHO:9D90.Y,Other specified vision impairment including blindness,Diagnosis,N/A,,,
2f843fb4-dd15-4b4c-a5cc-525a8e33027f,,ICD-11-WHO:9D90.Z,Vision impairment including blindness unspecified (Eye diagnosis),Vision impairment including blindness unspecified - ICD-11-WHO:9D90.Z,Vision impairment including blindness unspecified,Diagnosis,N/A,,,
7df5ccff-bec7-4a83-a194-8e259a4b9784,,ICD-11-WHO:9D91,Near vision deficits (Eye diagnosis),Near vision deficits - ICD-11-WHO:9D91,Near vision deficits,Diagnosis,N/A,,,
1de42d0b-9625-4b3d-88a4-aa70010ad88b,,ICD-11-WHO:9D92,Specific vision dysfunctions (Eye diagnosis),Specific vision dysfunctions - ICD-11-WHO:9D92,Specific vision dysfunctions,Diagnosis,N/A,,,
0153f597-ec2a-479d-bdaf-2189c3bfa0b5,,ICD-11-WHO:9D93,Complex vision-related dysfunctions (Eye diagnosis),Complex vision-related dysfunctions - ICD-11-WHO:9D93,Complex vision-related dysfunctions,Diagnosis,N/A,,,
dd9d3d3b-b9af-4a34-a0d8-b69e50f2a8e5,,ICD-11-WHO:9D9Y,Other specified vision impairment (Eye diagnosis),Other specified vision impairment - ICD-11-WHO:9D9Y,Other specified vision impairment,Diagnosis,N/A,,,
32018488-ad7c-4786-85e9-67a4bb1b74b9,,ICD-11-WHO:9D9Z,Vision impairment unspecified (Eye diagnosis),Vision impairment unspecified - ICD-11-WHO:9D9Z,Vision impairment unspecified,Diagnosis,N/A,,,
06022af0-a978-467d-bcc3-8f9621bca2c8,,ICD-11-WHO:9E1Y,Other specified diseases of the visual system (Eye diagnosis),Other specified diseases of the visual system - ICD-11-WHO:9E1Y,Other specified diseases of the visual system,Diagnosis,N/A,,,
4cadcc09-8119-4f09-8095-33eb068805ea,,ICD-11-WHO:9E1Z,Diseases of the visual system unspecified (Eye diagnosis),Diseases of the visual system unspecified - ICD-11-WHO:9E1Z,Diseases of the visual system unspecified,Diagnosis,N/A,,,
a1ed9988-45e0-4fdf-a46d-dca4ad1b602f,,ICD-11-WHO:NA06.00,Eyelid Avulsion (Eye diagnosis),Eyelid Avulsion - ICD-11-WHO:NA06.00,Eyelid Avulsion,Diagnosis,N/A,,,
00121eb8-89ea-4fc7-880b-427ed05ba848,,ICD-11-WHO:NA06.01,Haematoma of eyelid (Eye diagnosis),Haematoma of eyelid - ICD-11-WHO:NA06.01,Haematoma of eyelid,Diagnosis,N/A,,,
8c384e47-e1d9-42e7-98a4-6877a9c4bf7c,,ICD-11-WHO:NA06.02,Oedema of eyelid (Eye diagnosis),Oedema of eyelid - ICD-11-WHO:NA06.02,Oedema of eyelid,Diagnosis,N/A,,,
4c531d01-96a2-4026-982a-d69cded88d90,,ICD-11-WHO:NA06.03,Retained foreign body in eyelid (Eye diagnosis),Retained foreign body in eyelid - ICD-11-WHO:NA06.03,Retained foreign body in eyelid,Diagnosis,N/A,,,
1219a18e-bf15-4971-b47d-a3bad2823ec8,,ICD-11-WHO:NA06.04,Open wound of eyelid or periocular area (Eye diagnosis),Open wound of eyelid or periocular area - ICD-11-WHO:NA06.04,Open wound of eyelid or periocular area,Diagnosis,N/A,,,
c5cf6e59-2992-48d8-905a-34c38437c3e1,,ICD-11-WHO:NA00.11,Contusion of eyelid or periocular area (Eye diagnosis),Contusion of eyelid or periocular area - ICD-11-WHO:NA00.11,Contusion of eyelid or periocular area,Diagnosis,N/A,,,
6f90efcc-a5a5-4394-a3ac-d3c642562e87,,ICD-11-WHO:NA06.0Y,Other specified eyelid trauma (Eye diagnosis),Other specified eyelid trauma - ICD-11-WHO:NA06.0Y,Other specified eyelid trauma,Diagnosis,N/A,,,
ab63c04d-8b7e-4cf4-a66e-a853f4186405,,ICD-11-WHO:NA06.0Z,Eyelid trauma unspecified (Eye diagnosis),Eyelid trauma unspecified - ICD-11-WHO:NA06.0Z,Eyelid trauma unspecified,Diagnosis,N/A,,,
698c0fd2-4511-483c-a4b6-cbb923b209fe,,ICD-11-WHO:NA06.1,Penetrating wound of orbit with or without foreign body (Eye diagnosis),Penetrating wound of orbit with or without foreign body - ICD-11-WHO:NA06.1,Penetrating wound of orbit with or without foreign body,Diagnosis,N/A,,,
38275b5a-16ba-462e-9516-354b1c33aef8,,ICD-11-WHO:NA06.2,Retained foreign body following penetrating wound of orbit (Eye diagnosis),Retained foreign body following penetrating wound of orbit - ICD-11-WHO:NA06.2,Retained foreign body following penetrating wound of orbit,Diagnosis,N/A,,,
0acb8fb8-67f3-499e-878f-0337e70415b0,,ICD-11-WHO:NA06.3,Traumatic orbital haemorrhage (Eye diagnosis),Traumatic orbital haemorrhage - ICD-11-WHO:NA06.3,Traumatic orbital haemorrhage,Diagnosis,N/A,,,
d9f200f5-dfb9-43bf-a504-648a6a3f9603,,ICD-11-WHO:NA06.4,Injury of conjunctiva or corneal abrasion without mention of foreign body (Eye diagnosis),Injury of conjunctiva or corneal abrasion without mention of foreign body - ICD-11-WHO:NA06.4,Injury of conjunctiva or corneal abrasion without mention of foreign body,Diagnosis,N/A,,,
5c47af59-d2ad-48a2-bfde-fc2fb080a6cd,,ICD-11-WHO:NA06.5,Trauma to the iris sphincter (Eye diagnosis),Trauma to the iris sphincter - ICD-11-WHO:NA06.5,Trauma to the iris sphincter,Diagnosis,N/A,,,
99a1abe0-9dbb-425e-8610-1e4f111df78d,,ICD-11-WHO:NA06.4,Traumatic macular hole (Eye diagnosis),Traumatic macular hole - ICD-11-WHO:NA06.4,Traumatic macular hole,Diagnosis,N/A,,,
da2b58f7-77b5-4ca3-8130-8c21c3315547,,ICD-11-WHO:NA06.60,Commotio Retina (Eye diagnosis),Commotio Retina - ICD-11-WHO:NA06.60,Commotio Retina,Diagnosis,N/A,,,
84b2b9e8-3fb3-4fcd-8031-07e5819a789f,,ICD-11-WHO:NA06.61,Optic nerve avulsion (Eye diagnosis),Optic nerve avulsion - ICD-11-WHO:NA06.61,Optic nerve avulsion,Diagnosis,N/A,,,
4d3947fc-1ada-4f7f-8ec9-578b956f0d5b,,ICD-11-WHO:NA06.62,Other specified traumatic injuries of the retina (Eye diagnosis),Other specified traumatic injuries of the retina - ICD-11-WHO:NA06.62,Other specified traumatic injuries of the retina,Diagnosis,N/A,,,
b7a9256f-f84f-4789-8f20-0e201394043a,,ICD-11-WHO:NA06.63,Traumatic injuries of the retina unspecified (Eye diagnosis),Traumatic injuries of the retina unspecified - ICD-11-WHO:NA06.63,Traumatic injuries of the retina unspecified,Diagnosis,N/A,,,
269ae481-c943-415c-9fd8-1a7b33f5f883,,ICD-11-WHO:NA06.6Y,Traumatic retinal haemorrhage (Eye diagnosis),Traumatic retinal haemorrhage - ICD-11-WHO:NA06.6Y,Traumatic retinal haemorrhage,Diagnosis,N/A,,,
c2fbbd7d-f2a8-4cd5-8dc7-2686e973c779,,ICD-11-WHO:NA06.6Z,Retained intraocular magnetic foreign body unilateral (Eye diagnosis),Retained intraocular magnetic foreign body unilateral - ICD-11-WHO:NA06.6Z,Retained intraocular magnetic foreign body unilateral,Diagnosis,N/A,,,
bc64d468-c43c-4628-8ee8-236b0b81ad11,,ICD-11-WHO:NA06.7,Retained intraocular nonmagnetic foreign body unilateral (Eye diagnosis),Retained intraocular nonmagnetic foreign body unilateral - ICD-11-WHO:NA06.7,Retained intraocular nonmagnetic foreign body unilateral,Diagnosis,N/A,,,
1a5db8ff-1e4c-4151-91d0-d5329ea39b0b,,ICD-11-WHO:NA06.80,Closed eyeball trauma unilateral (Eye diagnosis),Closed eyeball trauma unilateral - ICD-11-WHO:NA06.80,Closed eyeball trauma unilateral,Diagnosis,N/A,,,
11df5a0e-cc17-491a-bd41-5d28fefa25a6,,ICD-11-WHO:NA06.81,Closed eyeball trauma bilateral (Eye diagnosis),Closed eyeball trauma bilateral - ICD-11-WHO:NA06.81,Closed eyeball trauma bilateral,Diagnosis,N/A,,,
4657a5b4-2301-4f8a-a565-b409b067feba,,ICD-11-WHO:NA06.82,Penetrating wound of eyeball without foreign body unilateral (Eye diagnosis),Penetrating wound of eyeball without foreign body unilateral - ICD-11-WHO:NA06.82,Penetrating wound of eyeball without foreign body unilateral,Diagnosis,N/A,,,
25828178-9bf1-49a0-ab8f-662f17ea409d,,ICD-11-WHO:NA06.83,Avulsion of eye unilateral (Eye diagnosis),Avulsion of eye unilateral - ICD-11-WHO:NA06.83,Avulsion of eye unilateral,Diagnosis,N/A,,,
2c568365-69a1-4640-b9c5-7cda26da4895,,ICD-11-WHO:NA06.84,Avulsion of eye bilateral (Eye diagnosis),Avulsion of eye bilateral - ICD-11-WHO:NA06.84,Avulsion of eye bilateral,Diagnosis,N/A,,,
3d811545-a3b5-49d2-869f-0a1d5e9f135b,,ICD-11-WHO:NA06.85,Ocular laceration or rupture with prolapse or loss of intraocular tissue unilateral (Eye diagnosis),Ocular laceration or rupture with prolapse or loss of intraocular tissue unilateral - ICD-11-WHO:NA06.85,Ocular laceration or rupture with prolapse or loss of intraocular tissue unilateral,Diagnosis,N/A,,,
c1850bd5-b8f4-41f6-ad27-fb2514e42ca3,,ICD-11-WHO:NA06.86,Ocular laceration or rupture with prolapse or loss of intraocular tissue bilateral (Eye diagnosis),Ocular laceration or rupture with prolapse or loss of intraocular tissue bilateral - ICD-11-WHO:NA06.86,Ocular laceration or rupture with prolapse or loss of intraocular tissue bilateral,Diagnosis,N/A,,,
e5a62b58-b449-4687-91e1-b774e5c29c31,,ICD-11-WHO:NA06.87,Penetrating injury of eyeball bilateral (Eye diagnosis),Penetrating injury of eyeball bilateral - ICD-11-WHO:NA06.87,Penetrating injury of eyeball bilateral,Diagnosis,N/A,,,
b663b0ef-319d-4296-8cd0-98ad2c603de0,,ICD-11-WHO:NA06.88,Perforating injury of eyeball bilateral (Eye diagnosis),Perforating injury of eyeball bilateral - ICD-11-WHO:NA06.88,Perforating injury of eyeball bilateral,Diagnosis,N/A,,,
19e1642a-a1ac-45af-95a6-38a487930a0f,,ICD-11-WHO:NA06.89,Retained intraocular magnetic foreign body bilateral (Eye diagnosis),Retained intraocular magnetic foreign body bilateral - ICD-11-WHO:NA06.89,Retained intraocular magnetic foreign body bilateral,Diagnosis,N/A,,,
61f50c86-5cae-49d1-b10f-3bbc4438d393,,ICD-11-WHO:NA06.8A,Retained intraocular nonmagnetic foreign body bilateral (Eye diagnosis),Retained intraocular nonmagnetic foreign body bilateral - ICD-11-WHO:NA06.8A,Retained intraocular nonmagnetic foreign body bilateral,Diagnosis,N/A,,,
9d79c8e0-35a5-47c4-9fb1-69713fe2bcc1,,ICD-11-WHO:NA06.8B,Ocular laceration without prolapse or loss of intraocular tissue unilateral (Eye diagnosis),Ocular laceration without prolapse or loss of intraocular tissue unilateral - ICD-11-WHO:NA06.8B,Ocular laceration without prolapse or loss of intraocular tissue unilateral,Diagnosis,N/A,,,
49b07d01-d314-4e17-9c7a-a45aa98cf9de,,ICD-11-WHO:NA06.8C,Ocular laceration without prolapse or loss of intraocular tissue bilateral (Eye diagnosis),Ocular laceration without prolapse or loss of intraocular tissue bilateral - ICD-11-WHO:NA06.8C,Ocular laceration without prolapse or loss of intraocular tissue bilateral,Diagnosis,N/A,,,
a0f8967f-aa3c-4b04-bcea-bb23c2c59ebc,,ICD-11-WHO:NA06.8D,Other specified traumatic injury to eyeball (Eye diagnosis),Other specified traumatic injury to eyeball - ICD-11-WHO:NA06.8D,Other specified traumatic injury to eyeball,Diagnosis,N/A,,,
4bd543a7-05d9-4db3-aab4-9cb4958f82e2,,ICD-11-WHO:NA06.8E,Traumatic injury to eyeball unspecified (Eye diagnosis),Traumatic injury to eyeball unspecified - ICD-11-WHO:NA06.8E,Traumatic injury to eyeball unspecified,Diagnosis,N/A,,,
6e380c6b-72d0-4f5e-8f5e-37b73615679b,,ICD-11-WHO:NA06.8Y,Contusion of eyeball or orbital tissues (Eye diagnosis),Contusion of eyeball or orbital tissues - ICD-11-WHO:NA06.8Y,Contusion of eyeball or orbital tissues,Diagnosis,N/A,,,
16d7ed8a-3ff4-424c-a163-36873caf15f2,,ICD-11-WHO:NA06.8Z,Injury of lens (Eye diagnosis),Injury of lens - ICD-11-WHO:NA06.8Z,Injury of lens,Diagnosis,N/A,,,
cb0bbcd9-8f4f-4fb3-afff-8e1ebc5bf891,,ICD-11-WHO:NA06.9,Birth injury to eye (Eye diagnosis),Birth injury to eye - ICD-11-WHO:NA06.9,Birth injury to eye,Diagnosis,N/A,,,
a3fb428f-7526-4735-a05b-9c0075ab08f6,,ICD-11-WHO:NA06.A,Other specified injury of eye or orbit (Eye diagnosis),Other specified injury of eye or orbit - ICD-11-WHO:NA06.A,Other specified injury of eye or orbit,Diagnosis,N/A,,,
58f74fe8-8a6a-498c-b982-fb4ed52a2205,,ICD-11-WHO:KA41,Injury of eye or orbit unspecified (Eye diagnosis),Injury of eye or orbit unspecified - ICD-11-WHO:KA41,Injury of eye or orbit unspecified,Diagnosis,N/A,,,
bd18ae40-71f6-4d8a-b602-06b49a7ccf95,,ICD-11-WHO:NA06.Y,Fracture of orbital roof (Eye diagnosis),Fracture of orbital roof - ICD-11-WHO:NA06.Y,Fracture of orbital roof,Diagnosis,N/A,,,
736a7b01-9779-4293-b276-71746d15161c,,ICD-11-WHO:NA06.Z,Fracture of orbital floor (Eye diagnosis),Fracture of orbital floor - ICD-11-WHO:NA06.Z,Fracture of orbital floor,Diagnosis,N/A,,,
69e650d4-2c00-4ac5-99de-2603826de01b,,ICD-11-WHO:NA02.20,Other specified orbital fracture (Eye diagnosis),Other specified orbital fracture - ICD-11-WHO:NA02.20,Other specified orbital fracture,Diagnosis,N/A,,,
6c5bc5ef-0bdf-4436-b883-ca00683888f7,,ICD-11-WHO:NA02.21,Orbital fracture unspecified (Eye diagnosis),Orbital fracture unspecified - ICD-11-WHO:NA02.21,Orbital fracture unspecified,Diagnosis,N/A,,,
e6c4ebcd-3d21-4010-9c66-007bbe1d8e3b,,ICD-11-WHO:NA02.2Y,Injury of optic nerve unilateral (Eye diagnosis),Injury of optic nerve unilateral - ICD-11-WHO:NA02.2Y,Injury of optic nerve unilateral,Diagnosis,N/A,,,
a0a55761-b4f6-4543-9d43-0e1589e5081d,,ICD-11-WHO:NA02.2Z,Injury of optic nerve bilateral (Eye diagnosis),Injury of optic nerve bilateral - ICD-11-WHO:NA02.2Z,Injury of optic nerve bilateral,Diagnosis,N/A,,,
13f1c4b8-6cca-4016-b8f8-36fb8689d72d,,ICD-11-WHO:NA04.11,Injury of optic tract or pathways unilateral (Eye diagnosis),Injury of optic tract or pathways unilateral - ICD-11-WHO:NA04.11,Injury of optic tract or pathways unilateral,Diagnosis,N/A,,,
a3463139-126b-4bda-b5ff-56b16254d03a,,ICD-11-WHO:NA04.12,Injury of optic tract or pathways bilateral (Eye diagnosis),Injury of optic tract or pathways bilateral - ICD-11-WHO:NA04.12,Injury of optic tract or pathways bilateral,Diagnosis,N/A,,,
cfcef4e8-007e-469f-8fb0-334f8358b4e3,,ICD-11-WHO:NA04.13,Injury of visual cortex unilateral (Eye diagnosis),Injury of visual cortex unilateral - ICD-11-WHO:NA04.13,Injury of visual cortex unilateral,Diagnosis,N/A,,,
34a97366-b59f-4202-8328-db91aa1cbfdf,,ICD-11-WHO:NA04.14,Injury of visual cortex bilateral (Eye diagnosis),Injury of visual cortex bilateral - ICD-11-WHO:NA04.14,Injury of visual cortex bilateral,Diagnosis,N/A,,,
44459e12-400f-4494-902a-24f364477e72,,ICD-11-WHO:NA04.15,Other specified injury of optic nerve or pathways (Eye diagnosis),Other specified injury of optic nerve or pathways - ICD-11-WHO:NA04.15,Other specified injury of optic nerve or pathways,Diagnosis,N/A,,,
7c25bbde-d2b8-4d91-a2ef-9abbebae326f,,ICD-11-WHO:NA04.16,Injury of optic nerve or pathways unspecified (Eye diagnosis),Injury of optic nerve or pathways unspecified - ICD-11-WHO:NA04.16,Injury of optic nerve or pathways unspecified,Diagnosis,N/A,,,
8284255a-3f21-4fcb-b5dd-b3ab59536735,,ICD-11-WHO:NA04.1Z,Prosthetic eye (Eye diagnosis),Prosthetic eye - ICD-11-WHO:NA04.1Z,Prosthetic eye,Diagnosis,N/A,,,
65e719b6-1d20-4f23-8404-866a07da7a8b,,ICD-11-WHO:QB51.2,Congenital Amblyopia (Eye diagnosis),Congenital Amblyopia - ICD-11-WHO:QB51.2,Congenital Amblyopia,Diagnosis,N/A,,,
1cdb6580-ce98-434d-9e85-9caacf196989,,,Xanthelasma of eyelid (Eye diagnosis),Xanthelasma of eyelid,Xanthelasma of eyelid,Diagnosis,N/A,,,
8f9b5a7b-411b-4f53-a157-390615e80f94,,,Vitreous prolapse (Eye diagnosis),Vitreous prolapse,Vitreous prolapse,Diagnosis,N/A,,,
9be6d7fb-0131-4808-b5f8-7be7cd06d529,,,Visual discomfort (Eye diagnosis),Visual discomfort,Visual discomfort,Diagnosis,N/A,,,
d272d0f1-bbde-4593-9298-39056ec46388,,,Visual deprivation nystagmus (Eye diagnosis),Visual deprivation nystagmus,Visual deprivation nystagmus,Diagnosis,N/A,,,
036dd1f9-9a2d-44c8-b576-44b5d6664aa3,,,Vernal keratoconjunctivitis (Eye diagnosis),Vernal keratoconjunctivitis,Vernal keratoconjunctivitis,Diagnosis,N/A,,,
51b6d8de-3393-4c60-986d-080d5df651de,,,Trichiasis without entropion (Eye diagnosis),Trichiasis without entropion,Trichiasis without entropion,Diagnosis,N/A,,,
2fe8c55a-be56-45ac-82ce-612cade1cdb1,,,Traumatic optic neuropathy (Eye diagnosis),Traumatic optic neuropathy,Traumatic optic neuropathy,Diagnosis,N/A,,,
d051afac-8b91-4f1d-9eb0-e48971daf32f,,,Traumatic cataract (Eye diagnosis),Traumatic cataract,Traumatic cataract,Diagnosis,N/A,,,
13f2c0ad-46ab-4c5e-9371-748e9ce51c62,,,Transient visual loss (Eye diagnosis),Transient visual loss,Transient visual loss,Diagnosis,N/A,,,
adf545ce-5820-4778-9a1a-2d460678d5d1,,,Transient refractive change (Eye diagnosis),Transient refractive change,Transient refractive change,Diagnosis,N/A,,,
77893abc-d311-44a7-a9a1-bd19adad33e1,,,Sympathetic uveitis (Eye diagnosis),Sympathetic uveitis,Sympathetic uveitis,Diagnosis,N/A,,,
ab28d26c-1a11-4015-9dc9-24dccbe6354b,,,Subcapsular glaucomatous flecks (Eye diagnosis),Subcapsular glaucomatous flecks,Subcapsular glaucomatous flecks,Diagnosis,N/A,,,
8e3a4c3e-6880-42f6-b383-870bad2a4b84,,,Spasm of conjugate gaze (Eye diagnosis),Spasm of conjugate gaze,Spasm of conjugate gaze,Diagnosis,N/A,,,
509b5c12-b951-4e92-98c9-0060412aad74,,,Skew deviation (Eye diagnosis),Skew deviation,Skew deviation,Diagnosis,N/A,,,
1a70edb9-a168-4c47-9009-fe29b61aa8c9,,,Serous retinal detachment (Eye diagnosis),Serous retinal detachment,Serous retinal detachment,Diagnosis,N/A,,,
0f4f8edb-2d0c-4759-ab5f-4584b669d072,,,Serous detachment of retinal pigment epithelium (Eye diagnosis),Serous detachment of retinal pigment epithelium,Serous detachment of retinal pigment epithelium,Diagnosis,N/A,,,
bdb98a5a-37b0-44c9-9d0d-bd7ea4cb453e,,,Secondary open-angle glaucoma (Eye diagnosis),Secondary open-angle glaucoma,Secondary open-angle glaucoma,Diagnosis,N/A,,,
f28535e8-f328-41dd-8e2e-c06e484f1cf0,,,Sclerosing keratitis (Eye diagnosis),Sclerosing keratitis,Sclerosing keratitis,Diagnosis,N/A,,,
cf3970d8-464f-4e13-be1f-7db4ffb3a03c,,,Scleritis (Eye diagnosis),Scleritis,Scleritis,Diagnosis,N/A,,,
d7df3428-6b84-4417-914c-9b81a3e8a68c,,,Scleral staphyloma (Eye diagnosis),Scleral staphyloma,Scleral staphyloma,Diagnosis,N/A,,,
c4a232ac-f4e0-4359-90ef-8034ceb89f35,,,Ring scotoma (Eye diagnosis),Ring scotoma,Ring scotoma,Diagnosis,N/A,,,
bea878b5-f971-40d0-a6a3-0f243e177ea7,,,Retrobulbar neuritis (Eye diagnosis),Retrobulbar neuritis,Retrobulbar neuritis,Diagnosis,N/A,,,
f9971d4b-8f4f-4d5a-be25-6c177515d17f,,,Retinoschisis (Eye diagnosis),Retinoschisis,Retinoschisis,Diagnosis,N/A,,,
c2e0a529-91ae-41ff-9eaf-0b5317e2f356,,,Retinopathy of prematurity (Eye diagnosis),Retinopathy of prematurity,Retinopathy of prematurity,Diagnosis,N/A,,,
f4e67a52-4956-44ef-9a38-5ec2667c943c,,,Retinopathy (Eye diagnosis),Retinopathy,Retinopathy,Diagnosis,N/A,,,
03589ada-6bc7-4443-9314-ee7a012588d2,,,Retinal vasculitis (Eye diagnosis),Retinal vasculitis,Retinal vasculitis,Diagnosis,N/A,,,
c83b96c4-6bf6-4841-929b-08c9a65e440e,,,Retinal ischaemia (Eye diagnosis),Retinal ischaemia,Retinal ischaemia,Diagnosis,N/A,,,
770fa63a-167b-4a93-a2b5-13033c6e1413,,,Recurrent erosion of cornea (Eye diagnosis),Recurrent erosion of cornea,Recurrent erosion of cornea,Diagnosis,N/A,,,
cd42a712-4dc6-4133-a649-192a4a9747ed,,,Radiation retinopathy (Eye diagnosis),Radiation retinopathy,Radiation retinopathy,Diagnosis,N/A,,,
c091fe63-1056-4eea-a0ac-a1c09c5dc446,,,Purulent endophthalmitis (Eye diagnosis),Purulent endophthalmitis,Purulent endophthalmitis,Diagnosis,N/A,,,
d590f546-6c0d-4b14-9387-1fcecd4e4bc1,,,Pterygium (Eye diagnosis),Pterygium,Pterygium,Diagnosis,N/A,,,
7663a6ad-6c43-486d-9472-784b6bcd8bb4,,,Pseudophakia (Eye diagnosis),Pseudophakia,Pseudophakia,Diagnosis,N/A,,,
87742d4c-6597-491e-8082-87797dfb9a2a,,,Proliferative diabetic retinopathy (Eye diagnosis),Proliferative diabetic retinopathy,Proliferative diabetic retinopathy,Diagnosis,N/A,,,
74816808-3180-41df-a7df-1bbf7b738073,,,Progressive external ophthalmoplegia (Eye diagnosis),Progressive external ophthalmoplegia,Progressive external ophthalmoplegia,Diagnosis,N/A,,,
0c6c41f1-3bfc-4180-a008-9522df3777dc,,,Preseptal cellulitis (Eye diagnosis),Preseptal cellulitis,Preseptal cellulitis,Diagnosis,N/A,,,
16654c21-e584-43df-81b8-c088ff2eb080,,,Presbyopia (Eye diagnosis),Presbyopia,Presbyopia,Diagnosis,N/A,,,
494bc58e-2344-4606-b82d-97197a1c4eb3,,,Posterior vitreous detachment (Eye diagnosis),Posterior vitreous detachment,Posterior vitreous detachment,Diagnosis,N/A,,,
0f7b7454-c95e-4545-b791-1ec27ae55bec,,,Posterior ischemic optic neuropathy (Eye diagnosis),Posterior ischemic optic neuropathy,Posterior ischemic optic neuropathy,Diagnosis,N/A,,,
24b68c31-8c91-4423-bce0-052b1a54afaa,,,Plateau iris syndrome (Eye diagnosis),Plateau iris syndrome,Plateau iris syndrome,Diagnosis,N/A,,,
7f9e61c0-0023-4788-9bc1-ad9d45dc1f06,,,Pigmentary open-angle glaucoma (Eye diagnosis),Pigmentary open-angle glaucoma,Pigmentary open-angle glaucoma,Diagnosis,N/A,,,
da5285d7-ff4c-499d-8f1d-71abf275a7dd,,,Physiologic anisocoria (Eye diagnosis),Physiologic anisocoria,Physiologic anisocoria,Diagnosis,N/A,,,
e1c385f7-727d-49b6-9bb7-dec7785d161f,,,Phthisis Bulbi (Eye diagnosis),Phthisis Bulbi,Phthisis Bulbi,Diagnosis,N/A,,,
7604a00c-3303-4c07-9656-90d5e546d900,,,Peripheral retinal degeneration (Eye diagnosis),Peripheral retinal degeneration,Peripheral retinal degeneration,Diagnosis,N/A,,,
f34d1acc-be40-4176-b23d-c8469e87183f,,,Paresis of accommodation (Eye diagnosis),Paresis of accommodation,Paresis of accommodation,Diagnosis,N/A,,,
2bdd3e8e-1c3e-4734-87fc-804d21eca302,,,Paralytic lagophthalmos (Eye diagnosis),Paralytic lagophthalmos,Paralytic lagophthalmos,Diagnosis,N/A,,,
c4e546ed-a422-4115-b22b-a5814309e05c,,,Panuveitis (Eye diagnosis),Panuveitis,Panuveitis,Diagnosis,N/A,,,
e732163d-c49d-46f3-9704-0d71bf5d9469,,,Other proliferative retinopathy (Eye diagnosis),Other proliferative retinopathy,Other proliferative retinopathy,Diagnosis,N/A,,,
45821515-57d4-4f7e-a413-df17cb8c1221,,,Orbital cyst (Eye diagnosis),Orbital cyst,Orbital cyst,Diagnosis,N/A,,,
b1c5c512-28ca-4a79-a0da-5d98a2ab1a83,,,Orbital cellulitis (Eye diagnosis),Orbital cellulitis,Orbital cellulitis,Diagnosis,N/A,,,
449fefb5-b732-41bf-b2c3-18111fd57dd3,,,Optic neuritis (Eye diagnosis),Optic neuritis,Optic neuritis,Diagnosis,N/A,,,
60c5cdae-5697-4f60-8a06-6e366bd91cae,,,Optic atrophy (Eye diagnosis),Optic atrophy,Optic atrophy,Diagnosis,N/A,,,
16346ee4-0b36-4a47-aa84-96b5db750fab,,,Oculomotor apraxia (Eye diagnosis),Oculomotor apraxia,Oculomotor apraxia,Diagnosis,N/A,,,
669634ad-3404-472b-96d7-4e384f3c037a,,,Oculogyric crisis (Eye diagnosis),Oculogyric crisis,Oculogyric crisis,Diagnosis,N/A,,,
b0d85036-0fa9-4f84-9ea2-6c685666a582,,,Ocular hypertension (Eye diagnosis),Ocular hypertension,Ocular hypertension,Diagnosis,N/A,,,
dcffc149-48ba-4307-a9e8-ed6d91a55aa2,,,Nystagmus (Eye diagnosis),Nystagmus,Nystagmus,Diagnosis,N/A,,,
2dadb030-dcaa-41eb-82b8-04b23fb9c7a9,,,Nonproliferative diabetic retinopathy (Eye diagnosis),Nonproliferative diabetic retinopathy,Nonproliferative diabetic retinopathy,Diagnosis,N/A,,,
044e1242-9c86-49d7-90c2-c9a0b4557e2e,,,Nasolacrimal duct obstruction (Eye diagnosis),Nasolacrimal duct obstruction,Nasolacrimal duct obstruction,Diagnosis,N/A,,,
a62e92cf-e4c9-418f-8855-7f335d0c7129,,,Myopia (Eye diagnosis),Myopia,Myopia,Diagnosis,N/A,,,
1018d417-4207-4068-94bd-0952c5c86f17,,,Mucopurulent conjunctivitis (Eye diagnosis),Mucopurulent conjunctivitis,Mucopurulent conjunctivitis,Diagnosis,N/A,,,
abf8dbaa-0eb2-4f1c-9bf7-ff5c1ca6415a,,,Mechanical strabismus (Eye diagnosis),Mechanical strabismus,Mechanical strabismus,Diagnosis,N/A,,,
46c100b8-727d-4bcd-acc6-bf9df3d8e11e,,,Mechanical lagophthalmos (Eye diagnosis),Mechanical lagophthalmos,Mechanical lagophthalmos,Diagnosis,N/A,,,
d90bb621-6ce8-45ca-8818-e8a81b00ba20,,,Lagophthalmos (Eye diagnosis),Lagophthalmos,Lagophthalmos,Diagnosis,N/A,,,
e607f25b-03f3-4a2d-a387-ae4e9e57ab1c,,,Keratoconus (Eye diagnosis),Keratoconus,Keratoconus,Diagnosis,N/A,,,
de6e3fc4-b998-4b0e-9191-491a1507fd2c,,,Keratoconjunctivitis sicca (Eye diagnosis),Keratoconjunctivitis sicca,Keratoconjunctivitis sicca,Diagnosis,N/A,,,
e8af00a3-11cf-40da-990f-a34a920123d9,,,Juvenile retinoschisis (Eye diagnosis),Juvenile retinoschisis,Juvenile retinoschisis,Diagnosis,N/A,,,
e2d55b11-b5e4-4f8b-ae0e-96ca34d44ac6,,,Ischaemic optic neuropathy (Eye diagnosis),Ischaemic optic neuropathy,Ischaemic optic neuropathy,Diagnosis,N/A,,,
d20d286b-2158-4b3b-87f9-9b2e998ffc87,,,Internuclear ophthalmoplegia (Eye diagnosis),Internuclear ophthalmoplegia,Internuclear ophthalmoplegia,Diagnosis,N/A,,,
5da76177-3d95-435b-9447-ddefeaa7a196,,,Internal ophthalmoplegia (Eye diagnosis),Internal ophthalmoplegia,Internal ophthalmoplegia,Diagnosis,N/A,,,
279ce40b-13e9-4b46-aed6-f4a0d02507f7,,,Injury of optic chiasm (Eye diagnosis),Injury of optic chiasm,Injury of optic chiasm,Diagnosis,N/A,,,
3486e567-f3f5-4bdd-9d81-89b532cf6508,,,Hyphaema (Eye diagnosis),Hyphaema,Hyphaema,Diagnosis,N/A,,,
4dc456af-0cd6-4b6e-8019-dea2b82c4bb6,,,Hypertensive retinopathy (Eye diagnosis),Hypertensive retinopathy,Hypertensive retinopathy,Diagnosis,N/A,,,
60dac645-404d-44c3-9b56-f1a25b88ce93,,,Hypermetropia (Eye diagnosis),Hypermetropia,Hypermetropia,Diagnosis,N/A,,,
d4a41ece-7b7f-46b2-ba86-43b89f20aa25,,,Hordeolum externum (Eye diagnosis),Hordeolum externum,Hordeolum externum,Diagnosis,N/A,,,
5c74e20a-e84a-4c57-b006-57b5e41553f0,,,Hordeolum (Eye diagnosis),Hordeolum,Hordeolum,Diagnosis,N/A,,,
074ca5e8-ad0c-4f0b-a80d-aaf36bb6817d,,,Glaucoma suspect (Eye diagnosis),Glaucoma suspect,Glaucoma suspect,Diagnosis,N/A,,,
5a99b089-8b6b-42a8-b30b-c685847745fe,,,Glaucoma (Eye diagnosis),Glaucoma,Glaucoma,Diagnosis,N/A,,,
6c72d562-e5d6-49cd-ada9-f8860a74dc47,,,Giant papillary conjunctivitis (Eye diagnosis),Giant papillary conjunctivitis,Giant papillary conjunctivitis,Diagnosis,N/A,,,
2977c951-6645-4d1b-b039-264f85c7d088,,,Fourth nerve palsy (Eye diagnosis),Fourth nerve palsy,Fourth nerve palsy,Diagnosis,N/A,,,
60104b2c-d303-41a0-80a2-ba40130c33e5,,,Follicular conjunctivitis (Eye diagnosis),Follicular conjunctivitis,Follicular conjunctivitis,Diagnosis,N/A,,,
99c92612-8ac6-48b7-ae8f-2aeb53a2feaa,,,Floppy eyelid syndrome (Eye diagnosis),Floppy eyelid syndrome,Floppy eyelid syndrome,Diagnosis,N/A,,,
9063247e-a34c-40b3-9ec1-34edbdad8c6d,,,Exudative retinopathy (Eye diagnosis),Exudative retinopathy,Exudative retinopathy,Diagnosis,N/A,,,
0da4a860-bc83-4473-91e5-75c8f5333305,,,Exotropia (Eye diagnosis),Exotropia,Exotropia,Diagnosis,N/A,,,
fd9e6359-c061-4e5c-a33e-3a70c334a461,,,Exostosis of orbit (Eye diagnosis),Exostosis of orbit,Exostosis of orbit,Diagnosis,N/A,,,
d1b1e1d5-8411-45da-a694-c1398a06c054,,,Eversion of lacrimal punctum (Eye diagnosis),Eversion of lacrimal punctum,Eversion of lacrimal punctum,Diagnosis,N/A,,,
245c7d3c-4b78-43df-b49e-88b103ebdb42,,,Esotropia (Eye diagnosis),Esotropia,Esotropia,Diagnosis,N/A,,,
61215a60-e70e-4a41-bdb3-350c522ebb12,,,Episcleritis (Eye diagnosis),Episcleritis,Episcleritis,Diagnosis,N/A,,,
c25b5c40-32d6-45f0-a985-80dc01a2750f,,,Enlarged blind spot (Eye diagnosis),Enlarged blind spot,Enlarged blind spot,Diagnosis,N/A,,,
7d1030b0-a5ad-495b-9452-788eb6dc3dba,,,Endothelial corneal dystrophy (Eye diagnosis),Endothelial corneal dystrophy,Endothelial corneal dystrophy,Diagnosis,N/A,,,
bb8cc676-1df5-454b-8738-8b40f5a42767,,,Endophthalmitis (Eye diagnosis),Endophthalmitis,Endophthalmitis,Diagnosis,N/A,,,
41c836d3-a052-4ccd-8cc3-71d114fabadd,,,Divergence insufficiency (Eye diagnosis),Divergence insufficiency,Divergence insufficiency,Diagnosis,N/A,,,
9931adce-1328-4335-816a-8b260fc212d1,,,Disorder of visual cortex (Eye diagnosis),Disorder of visual cortex,Disorder of visual cortex,Diagnosis,N/A,,,
cd243af8-f6ed-49e6-9ea6-ac51b5660179,,,Dislocation of lens (Eye diagnosis),Dislocation of lens,Dislocation of lens,Diagnosis,N/A,,,
e8f3fd3c-d1b0-4b8d-9ea7-13ab92188882,,,Diabetic retinopathy (Eye diagnosis),Diabetic retinopathy,Diabetic retinopathy,Diagnosis,N/A,,,
5a667811-06d8-4d91-86db-25cadb216a33,,,Diabetic cataract (Eye diagnosis),Diabetic cataract,Diabetic cataract,Diagnosis,N/A,,,
d52dbc6d-9f39-4e54-a56d-eebca48e299c,,,Dacryolith (Eye diagnosis),Dacryolith,Dacryolith,Diagnosis,N/A,,,
66a35ebe-ec4c-4f89-aaa7-ae5655ed333f,,,Dacryocystitis (Eye diagnosis),Dacryocystitis,Dacryocystitis,Diagnosis,N/A,,,
4e2f1305-b170-433d-826e-1a916cea2951,,,Cytomegaloviral retinitis (Eye diagnosis),Cytomegaloviral retinitis,Cytomegaloviral retinitis,Diagnosis,N/A,,,
e458dc9e-03c6-4697-87bf-b2971926c877,,,Corneal ulcer (Eye diagnosis),Corneal ulcer,Corneal ulcer,Diagnosis,N/A,,,
7b23d4c4-db78-47e6-933d-330b3e1db2b0,,,Corneal staphyloma (Eye diagnosis),Corneal staphyloma,Corneal staphyloma,Diagnosis,N/A,,,
f0820e7a-3b67-495d-a8f3-a31414633770,,,Corneal neovascularization (Eye diagnosis),Corneal neovascularization,Corneal neovascularization,Diagnosis,N/A,,,
4dd0ca53-c068-4cfc-93df-ce56e8b89754,,,Corneal degeneration (Eye diagnosis),Corneal degeneration,Corneal degeneration,Diagnosis,N/A,,,
54333c1b-1455-48ef-9d82-760379dfe2ec,,,Corneal abscess (Eye diagnosis),Corneal abscess,Corneal abscess,Diagnosis,N/A,,,
196a4e69-5e71-4550-9ec1-75f671fdb866,,,Convergence insufficiency (Eye diagnosis),Convergence insufficiency,Convergence insufficiency,Diagnosis,N/A,,,
651e46a2-0fa8-45cd-b37b-1df94f555c2b,,,Convergence excess (Eye diagnosis),Convergence excess,Convergence excess,Diagnosis,N/A,,,
6bc6c6d1-ab4a-4ce1-94b9-93f8d88d6458,,,Conjunctivochalasis (Eye diagnosis),Conjunctivochalasis,Conjunctivochalasis,Diagnosis,N/A,,,
971ce47f-d56e-4234-accc-59f3e8866866,,,Conjunctivitis due to Koch-Weeks bacillus (Eye diagnosis),Conjunctivitis due to Koch-Weeks bacillus,Conjunctivitis due to Koch-Weeks bacillus,Diagnosis,N/A,,,
a15b5aa6-6ab3-4878-a628-2d56b3462eec,,,Conjunctivitis (Eye diagnosis),Conjunctivitis,Conjunctivitis,Diagnosis,N/A,,,
a4e84914-a22e-46c4-8ef4-0ebf592b127d,,,Ciliary block glaucoma (Eye diagnosis),Ciliary block glaucoma,Ciliary block glaucoma,Diagnosis,N/A,,,
eb10753a-389d-4b1c-bed3-f1a2ae92b1c4,,,Cicatricial lagophthalmos (Eye diagnosis),Cicatricial lagophthalmos,Cicatricial lagophthalmos,Diagnosis,N/A,,,
a9eb52eb-969e-4a97-8110-b9e5c184feb7,,,Choroiditis (Eye diagnosis),Choroiditis,Choroiditis,Diagnosis,N/A,,,
5d943509-7ef3-4475-b282-781909cf1d80,,,Choroidal rupture (Eye diagnosis),Choroidal rupture,Choroidal rupture,Diagnosis,N/A,,,
b6e68839-d25e-4117-975a-f0305d07926d,,,Choroidal detachment (Eye diagnosis),Choroidal detachment,Choroidal detachment,Diagnosis,N/A,,,
633fc2f3-fd62-4437-b6ba-ab29040668af,,,Choroidal degeneration (Eye diagnosis),Choroidal degeneration,Choroidal degeneration,Diagnosis,N/A,,,
af81d1e7-467b-4fc2-ae09-bceb9a378252,,,Chalazion (Eye diagnosis),Chalazion,Chalazion,Diagnosis,N/A,,,
933f6a33-ab09-4f03-bcb7-e93337d2be1b,,,Central serous chorioretinopathy (Eye diagnosis),Central serous chorioretinopathy,Central serous chorioretinopathy,Diagnosis,N/A,,,
ac770abf-1836-446f-be08-1a59461ba4ab,,,Cataract (Eye diagnosis),Cataract,Cataract,Diagnosis,N/A,,,
39e1ddbb-d4a4-4e6c-9351-1f3648aab8d1,,,Bullous keratopathy (Eye diagnosis),Bullous keratopathy,Bullous keratopathy,Diagnosis,N/A,,,
9f51ac30-65af-4c98-97b5-a957cbc2126c,,,Blepharoconjunctivitis (Eye diagnosis),Blepharoconjunctivitis,Blepharoconjunctivitis,Diagnosis,N/A,,,
3a8145bc-c6ec-427b-966f-5bee519b8d8a,,,Blepharochalasis (Eye diagnosis),Blepharochalasis,Blepharochalasis,Diagnosis,N/A,,,
68642924-1034-41ff-8ef3-be05397747a7,,,Astigmatism (Eye diagnosis),Astigmatism,Astigmatism,Diagnosis,N/A,,,
f37f00b7-cee6-464c-8560-78a34d0a4d21,,,Arcuate scotoma (Eye diagnosis),Arcuate scotoma,Arcuate scotoma,Diagnosis,N/A,,,
9fa8dde0-7860-4612-a79f-c53490ac440b,,,Aphakia (Eye diagnosis),Aphakia,Aphakia,Diagnosis,N/A,,,
e232f2ce-cce1-446d-b1fd-2dbc4b568631,,,Anterior uveitis (Eye diagnosis),Anterior uveitis,Anterior uveitis,Diagnosis,N/A,,,
0b3a8795-a16b-42de-9dac-7e8316c2dc22,,,Anterior ischemic optic neuropathy (Eye diagnosis),Anterior ischemic optic neuropathy,Anterior ischemic optic neuropathy,Diagnosis,N/A,,,
749c700d-fd55-45ca-9fcb-eb262f806923,,,Anisometropia (Eye diagnosis),Anisometropia,Anisometropia,Diagnosis,N/A,,,
eb5f90ec-aeb6-47c1-98f7-26839c92aff6,,,Aniseikonia (Eye diagnosis),Aniseikonia,Aniseikonia,Diagnosis,N/A,,,
67488076-27b4-4cf9-8bd9-dcf32382fa5a,,,After-cataract (Eye diagnosis),After-cataract,After-cataract,Diagnosis,N/A,,,
1507ef68-65a3-4dc6-87ba-a0018e90790d,,,Adherent leukoma (Eye diagnosis),Adherent leukoma,Adherent leukoma,Diagnosis,N/A,,,
ceedc475-6e1f-4f7f-930d-43a3d9181899,,,Acute epidemic conjunctivitis (Eye diagnosis),Acute epidemic conjunctivitis,Acute epidemic conjunctivitis,Diagnosis,N/A,,,
c646695b-4225-4da8-b771-d4f188148478,,,Acute atopic conjunctivitis (Eye diagnosis),Acute atopic conjunctivitis,Acute atopic conjunctivitis,Diagnosis,N/A,,,
e33317b4-4762-46bb-a09b-40c56eae7341,,,Abscess of eyelid (Eye diagnosis),Abscess of eyelid,Abscess of eyelid,Diagnosis,N/A,,,